2025-04-28 11:21:44 - IR: 0, Reflex: 1, Gyro: 2
Data f�r k�rning vid 2025-04-28 11:40:57
0
1
2
Data f�r k�rning vid 2025-04-28 11:41:02
0
1
2
2025-04-28 11:45:20,"[0, 0, 0, 0, 0, 0, 0]","[1, 1, 1, 1, 1, 1, 1]","[2, 2, 2, 2, 2, 2, 2]"
2025-04-28 13:08:49,"[0, 0, 0, 0, 0, 0]","[1, 1, 1, 1, 1, 1]","[2, 2, 2, 2, 2, 2]"
2025-04-28 13:12:33,"[0, 0, 0]","[1, 1, 1]","[2, 2, 2]"
2025-04-28 14:18:39,[0],[1],[2]
2025-04-28 14:18:41,"[0, 0]","[1, 1]","[2, 2]"
2025-04-28 14:18:42,"[0, 0, 0]","[1, 1, 1]","[2, 2, 2]"
2025-04-28 14:18:43,"[0, 0, 0, 0]","[1, 1, 1, 1]","[2, 2, 2, 2]"
2025-04-28 14:30:59,[0],[1],[2]
2025-04-28 14:31:00,"[0, 0]","[1, 1]","[2, 2]"
2025-04-28 14:31:01,"[0, 0, 0]","[1, 1, 1]","[2, 2, 2]"
2025-04-28 14:31:02,0,1,2
2025-04-28 14:31:02,0,1,2
2025-04-28 14:31:02,0,1,2
2025-04-28 14:36:56,"[0, 0, 0, 0]","[1, 1, 1, 1]","[2, 2, 2, 2]"
2025-04-28 14:41:55,"[0, 23, 23, 23, 23, 23, 23, 23, 23, 23, 23, 23, 23, 23, 23, 23, 23, 23, 23, 23, 23, 23, 23, 23]","[1, 1, 1, 1, 1, 1, 1, 1, 1, 1, 1, 1, 1, 1, 1, 1, 1, 1, 1, 1, 1, 1, 1, 1]","[2, 2, 2, 2, 2, 2, 2, 2, 2, 2, 2, 2, 2, 2, 2, 2, 2, 2, 2, 2, 2, 2, 2, 2]"
2025-04-28 14:45:14,"[255, 23, 23, 23, 23, 23, 23, 23, 23, 23, 23, 23, 23, 23, 23, 23, 23, 23, 23]","[1, 1, 1, 1, 1, 1, 1, 1, 1, 1, 1, 1, 1, 1, 1, 1, 1, 1, 1]","[2, 2, 2, 2, 2, 2, 2, 2, 2, 2, 2, 2, 2, 2, 2, 2, 2, 2]"
2025-04-28 14:48:00,"[11, 10, 20, 10, 10, 24, 41, 26, 45, 45, 80, 37, 24, 15, 37]","[1, 1, 1, 1, 1, 1, 1, 1, 1, 1, 1, 1, 1, 1, 1]","[2, 2, 2, 2, 2, 2, 2, 2, 2, 2, 2, 2, 2, 2]"
2025-04-29 13:40:30,[],[],[]
2025-04-29 13:41:55,[],[],[]
2025-04-29 13:43:15,[],[],[]
2025-04-29 13:53:08,[],[],[]
2025-04-29 13:53:23,[],[],[]
2025-04-29 13:56:03,[],[],[]
2025-04-29 14:02:47,"[0, 0, 0, 0, 0, 0, 0, 0, 0, 0]","[1, 1, 1, 1, 1, 1, 1, 1, 1, 1]","[2, 2, 2, 2, 2, 2, 2, 2, 2, 2]"
2025-04-29 14:07:38,"[0, 0, 0, 0, 0, 0, 0, 0]","[1, 1, 1, 1, 1, 1, 1, 1]","[2, 2, 2, 2, 2, 2, 2, 2]"
2025-05-02 08:31:28,"[0, 12, 12, 12, 12, 12, 12, 12, 12, 12, 12, 12, 12, 12, 12, 12, 12, 12, 12, 12, 12, 12, 12, 12, 12, 12]","[10, 10, 10, 10, 10, 10, 10, 10, 10, 10, 10, 10, 10, 10, 10, 10, 10, 10, 10, 10, 10, 10, 10, 10, 10, 10]","[12, 12, 12, 12, 12, 12, 12, 12, 12, 12, 15, 12, 12, 12, 12, 12, 12, 12, 12, 12, 12, 12, 12, 12, 12, 12]"
2025-05-02 09:15:35,"[0, 10, 10, 0, 10, 10, 0, 0, 10, 10, 10, 0, 0, 0, 10, 0, 0, 0, 0, 10, 10, 0]","[1, 1, 1, 8, 1, 1, 1, 1, 5, 1, 12, 12, 12, 1, 1, 1, 12, 1, 12, 1, 1, 1]","[2, 12, 2, 2, 2, 2, 2, 2, 2, 2, 2, 2, 2, 12, 12, 12, 2, 2, 2, 2, 2, 12]"
2025-05-02 09:17:44,"[0, 12, 0, 0, 0, 0, 0, 0, 0, 12, 0, 0, 0, 12, 0, 0, 12, 0, 0, 0, 12, 0, 0, 0, 0, 12, 0, 0, 0, 0, 0, 0, 0, 12, 12, 12, 12, 12, 12, 0, 12, 12, 0, 0, 12, 12, 0, 12, 0, 0, 12, 12, 12, 12, 12, 12]","[1, 1, 1, 1, 1, 1, 12, 1, 1, 1, 1, 12, 12, 7, 1, 1, 11, 1, 1, 1, 1, 1, 1, 1, 12, 1, 1, 1, 1, 1, 1, 2, 12, 1, 1, 1, 1, 1, 12, 12, 1, 12, 12, 12, 1, 1, 1, 1, 12, 1, 1, 12, 1, 1, 1, 12]","[2, 12, 12, 2, 12, 2, 12, 12, 2, 12, 12, 2, 12, 2, 12, 2, 12, 12, 12, 2, 2, 12, 2, 2, 2, 12, 12, 2, 12, 12, 2, 12, 12, 12, 12, 12, 2, 12, 12, 12, 2, 2, 12, 12, 12, 12, 12, 2, 12, 12, 2, 12, 2, 2, 12, 12]"
2025-05-02 09:19:40,"[0, 12, 12, 12, 0, 12, 12, 0, 0, 12, 0, 12, 12, 0, 12, 0, 0, 12, 12, 12, 12, 12, 0, 0, 0, 12, 0, 12, 0, 12, 12, 12, 0, 0, 0, 0, 0, 0, 0, 0, 12]","[1, 1, 1, 1, 1, 12, 1, 1, 12, 1, 1, 1, 1, 3, 8, 1, 1, 1, 12, 1, 12, 1, 12, 1, 8, 1, 1, 1, 1, 12, 1, 12, 1, 1, 1, 1, 5, 12, 1, 1, 12]","[12, 2, 2, 12, 2, 12, 2, 2, 2, 2, 2, 2, 2, 2, 12, 2, 12, 12, 12, 2, 12, 12, 12, 12, 2, 2, 2, 12, 12, 2, 12, 12, 12, 2, 12, 2, 12, 12, 12, 12, 2]"
2025-05-02 09:21:51,"[1, 1, 1, 1, 1, 1, 1, 1, 1, 1, 1, 1, 1, 1, 1, 1, 1, 1, 1, 1, 1, 1, 1, 1, 1, 1, 1, 1, 1, 1, 1, 1, 1, 1, 1, 1, 1, 1, 1, 1, 1, 1, 1, 1, 1, 1, 1, 1, 1, 1, 1, 1, 1, 1, 1, 1, 1, 1, 1, 1, 1, 1, 1, 1, 1, 1, 1, 1, 1, 1, 1, 1, 1, 1, 1]","[2, 2, 2, 2, 2, 2, 2, 2, 2, 2, 2, 2, 2, 2, 2, 2, 2, 2, 2, 2, 2, 2, 2, 2, 2, 2, 2, 2, 2, 2, 2, 2, 2, 2, 2, 2, 2, 2, 2, 2, 2, 2, 2, 2, 2, 2, 2, 2, 2, 2, 2, 2, 2, 2, 2, 2, 2, 2, 2, 2, 2, 2, 2, 2, 2, 2, 2, 2, 2, 2, 2, 2, 2, 2, 2]","[2, 2, 2, 12, 2, 2, 12, 12, 12, 2, 2, 2, 2, 12, 12, 2, 12, 12, 2, 2, 2, 2, 12, 12, 12, 12, 2, 12, 2, 12, 12, 12, 12, 12, 2, 2, 2, 12, 12, 12, 12, 12, 2, 12, 2, 2, 12, 12, 12, 12, 2, 2, 12, 12, 2, 12, 12, 2, 2, 2, 2, 2, 12, 2, 12, 2, 12, 2, 12, 2, 12, 12, 2, 2, 12]"
2025-05-02 09:24:06,"[1, 1, 1, 1, 1, 1, 1, 1, 1, 1, 1, 1, 1, 1, 1, 1, 1, 1, 1, 1, 1, 1, 1, 1, 1, 1, 1, 1, 1, 1, 1, 1, 1, 1, 1, 1, 1, 1, 1, 1, 1, 1, 1]","[2, 2, 2, 2, 2, 2, 2, 2, 2, 2, 2, 2, 2, 2, 2, 2, 2, 2, 2, 2, 2, 2, 2, 2, 2, 2, 2, 2, 2, 2, 2, 2, 2, 2, 2, 2, 2, 2, 2, 2, 2, 2, 2]","[12, 12, 2, 2, 2, 2, 12, 12, 2, 2, 2, 12, 2, 12, 2, 2, 2, 2, 2, 2, 2, 2, 2, 2, 2, 12, 12, 12, 2, 12, 12, 2, 2, 2, 2, 2, 2, 12, 12, 2, 2, 12]"
2025-05-02 09:25:16,"[1, 1, 1, 1, 1, 1, 1, 1, 1, 1, 1, 1, 1, 1, 1, 1, 1, 1, 1, 1, 1, 1, 1, 1, 1, 1, 1, 1, 1, 1, 1]","[2, 2, 2, 2, 2, 2, 2, 2, 2, 2, 2, 2, 2, 2, 2, 2, 2, 2, 2, 2, 2, 2, 2, 2, 2, 2, 2, 2, 2, 2, 2]","[2, 2, 2, 2, 12, 12, 2, 12, 12, 2, 12, 2, 2, 12, 2, 2, 2, 2, 12, 12, 12, 2, 2, 12, 2, 12, 12, 2, 12, 2, 2]"
2025-05-02 09:26:52,"[1, 1, 1, 1, 1, 1, 1, 1, 1, 1, 1, 1, 1, 1, 1, 1, 1, 1, 1]","[2, 2, 2, 2, 2, 2, 2, 2, 2, 2, 2, 2, 2, 2, 2, 2, 2, 2, 2]","[2, 12, 12, 2, 2, 12, 2, 12, 2, 2, 12, 2, 12, 2, 12, 12, 12, 2]"
2025-05-02 09:27:00,"[1, 1, 1, 1, 1, 1, 1, 1, 1, 1, 1, 1, 1, 1, 1, 1, 1, 1, 1, 1, 1, 1, 1, 1, 1, 1, 1, 1, 1, 1, 1, 1]","[2, 2, 2, 2, 2, 2, 2, 2, 2, 2, 2, 2, 2, 2, 2, 2, 2, 2, 2, 2, 2, 2, 2, 2, 2, 2, 2, 2, 2, 2, 2, 2]","[2, 12, 12, 2, 2, 12, 2, 12, 2, 2, 12, 2, 12, 2, 12, 12, 12, 2, 2, 2, 2, 2, 12, 2, 12, 12, 2, 2, 12, 2, 2, 2]"
2025-05-02 09:27:03,"[1, 1, 1, 1, 1, 1, 1, 1, 1, 1, 1, 1, 1, 1, 1, 1, 1, 1, 1, 1, 1, 1, 1, 1, 1, 1, 1, 1, 1, 1, 1, 1, 1, 1, 1, 1, 1, 1, 1, 1, 1, 1, 1, 1, 1, 1]","[2, 2, 2, 2, 2, 2, 2, 2, 2, 2, 2, 2, 2, 2, 2, 2, 2, 2, 2, 2, 2, 2, 2, 2, 2, 2, 2, 2, 2, 2, 2, 2, 2, 2, 2, 2, 2, 2, 2, 2, 2, 2, 2, 2, 2, 2]","[2, 12, 12, 2, 2, 12, 2, 12, 2, 2, 12, 2, 12, 2, 12, 12, 12, 2, 2, 2, 2, 2, 12, 2, 12, 12, 2, 2, 12, 2, 2, 2, 12, 12, 2, 2, 2, 2, 2, 12, 12, 12, 2, 2, 12]"
2025-05-02 09:34:11,"[1, 1, 1, 1, 1, 1, 1, 1, 1, 1, 1, 1, 1, 1, 1, 1, 1, 1, 1, 1, 1, 1, 1, 1, 1, 1, 1, 1, 1, 1, 1, 1, 1, 1, 1, 1, 1, 1, 1, 1, 1, 1, 1, 1, 1, 1, 1, 1, 1, 1, 1, 1, 1, 1, 1, 1, 1, 1, 1, 1, 1, 1, 1, 1, 1, 1, 1, 1, 1, 1, 1, 1, 1, 1, 1, 1, 1, 1, 1, 1]","[2, 2, 2, 2, 2, 2, 2, 2, 2, 2, 2, 2, 2, 2, 2, 2, 2, 2, 2, 2, 2, 2, 2, 2, 2, 2, 2, 2, 2, 2, 2, 2, 2, 2, 2, 2, 2, 2, 2, 2, 2, 2, 2, 2, 2, 2, 2, 2, 2, 2, 2, 2, 2, 2, 2, 2, 2, 2, 2, 2, 2, 2, 2, 2, 2, 2, 2, 2, 2, 2, 2, 2, 2, 2, 2, 2, 2, 2, 2, 2]","[5, 5, 69, 69, 70, 5, 71, 71, 70, 5, 5, 5, 5, 5, 5, 66, 5, 65, 5, 64, 5, 5, 5, 62, 62, 5, 61, 5, 60, 5, 58, 58, 5, 5, 5, 56, 5, 5, 5, 5, 5, 52, 51, 50, 50, 49, 49, 5, 5, 5, 5, 46, 45, 44, 5, 43, 5, 5, 5, 5, 40, 5, 5, 5, 5, 5, 5, 37, 5, 5, 35, 5, 5, 34, 33, 5, 5, 31, 30, 30]"
2025-05-02 09:35:30,"[1, 1, 1, 1, 1, 1, 1, 1, 1, 1, 1, 1, 1, 1, 1, 1, 1, 1, 1, 1, 1, 1, 1, 1, 1, 1, 1, 1, 1, 1, 1, 1, 1, 1, 1, 1, 1, 1, 1, 1, 1, 1, 1, 1, 1, 1, 1, 1, 1, 1, 1, 1, 1, 1, 1, 1, 1, 1, 1, 1, 1, 1, 1, 1, 1, 1, 1, 1, 1, 1, 1, 1, 1, 1, 1, 1, 1, 1, 1, 1, 1, 1, 1, 1, 1, 1, 1, 1, 1, 1, 1, 1, 1, 1, 1, 1, 1, 1, 1, 1, 1, 1, 1, 1, 1, 1, 1, 1, 1, 1, 1, 1, 1, 1, 1, 1, 1, 1, 1, 1, 1, 1, 1, 1, 1, 1, 1, 1, 1, 1, 1, 1, 1, 1, 1, 1, 1, 1, 1, 1, 1, 1, 1, 1, 1, 1, 1, 1, 1, 1, 1, 1, 1, 1, 1, 1, 1, 1, 1, 1, 1, 1, 1, 1, 1, 1, 1, 1, 1, 1, 1, 1, 1, 1, 1, 1, 1, 1, 1, 1, 1, 1, 1, 1, 1, 1, 1, 1, 1, 1, 1, 1, 1, 1, 1, 1, 1, 1, 1, 1, 1, 1, 1, 1, 1, 1, 1, 1, 1, 1, 1, 1, 1, 1, 1, 1, 1, 1, 1, 1, 1, 1, 1, 1, 1, 1, 1, 1, 1, 1, 1, 1, 1, 1, 1, 1, 1, 1, 1, 1, 1, 1, 1, 1, 1, 1, 1, 1, 1, 1, 1, 1, 1, 1, 1, 1, 1, 1, 1, 1, 1, 1, 1, 1, 1, 1, 1, 1, 1, 1, 1, 1, 1, 1, 1, 1, 1, 1, 1, 1, 1, 1, 1, 1, 1, 1, 1, 1, 1, 1, 1, 1, 1, 1, 1, 1, 1, 1, 1, 1, 1, 1, 1, 1, 1, 1, 1, 1, 1, 1, 1, 1, 1, 1, 1, 1, 1, 1, 1, 1, 1, 1, 1, 1, 1, 1, 1, 1, 1, 1, 1, 1, 1, 1, 1, 1, 1, 1, 1, 1, 1, 1]","[2, 2, 2, 2, 2, 2, 2, 2, 2, 2, 2, 2, 2, 2, 2, 2, 2, 2, 2, 2, 2, 2, 2, 2, 2, 2, 2, 2, 2, 2, 2, 2, 2, 2, 2, 2, 2, 2, 2, 2, 2, 2, 2, 2, 2, 2, 2, 2, 2, 2, 2, 2, 2, 2, 2, 2, 2, 2, 2, 2, 2, 2, 2, 2, 2, 2, 2, 2, 2, 2, 2, 2, 2, 2, 2, 2, 2, 2, 2, 2, 2, 2, 2, 2, 2, 2, 2, 2, 2, 2, 2, 2, 2, 2, 2, 2, 2, 2, 2, 2, 2, 2, 2, 2, 2, 2, 2, 2, 2, 2, 2, 2, 2, 2, 2, 2, 2, 2, 2, 2, 2, 2, 2, 2, 2, 2, 2, 2, 2, 2, 2, 2, 2, 2, 2, 2, 2, 2, 2, 2, 2, 2, 2, 2, 2, 2, 2, 2, 2, 2, 2, 2, 2, 2, 2, 2, 2, 2, 2, 2, 2, 2, 2, 2, 2, 2, 2, 2, 2, 2, 2, 2, 2, 2, 2, 2, 2, 2, 2, 2, 2, 2, 2, 2, 2, 2, 2, 2, 2, 2, 2, 2, 2, 2, 2, 2, 2, 2, 2, 2, 2, 2, 2, 2, 2, 2, 2, 2, 2, 2, 2, 2, 2, 2, 2, 2, 2, 2, 2, 2, 2, 2, 2, 2, 2, 2, 2, 2, 2, 2, 2, 2, 2, 2, 2, 2, 2, 2, 2, 2, 2, 2, 2, 2, 2, 2, 2, 2, 2, 2, 2, 2, 2, 2, 2, 2, 2, 2, 2, 2, 2, 2, 2, 2, 2, 2, 2, 2, 2, 2, 2, 2, 2, 2, 2, 2, 2, 2, 2, 2, 2, 2, 2, 2, 2, 2, 2, 2, 2, 2, 2, 2, 2, 2, 2, 2, 2, 2, 2, 2, 2, 2, 2, 2, 2, 2, 2, 2, 2, 2, 2, 2, 2, 2, 2, 2, 2, 2, 2, 2, 2, 2, 2, 2, 2, 2, 2, 2, 2, 2, 2, 2, 2, 2, 2, 2, 2, 2, 2, 2, 2]","[20, 5, 5, 19, 5, 5, 5, 5, 5, 16, 5, 14, 5, 5, 5, 5, 11, 5, 5, 5, 5, 5, 5, 5, 5, 5, 4, 5, 3, 5, 2, 5, 1, 0, 5, 5, 1, 1, 5, 2, 2, 3, 4, 4, 5, 5, 5, 5, 7, 5, 5, 8, 5, 5, 5, 5, 5, 12, 12, 5, 13, 5, 5, 15, 5, 5, 16, 17, 5, 18, 18, 5, 20, 20, 5, 5, 5, 5, 5, 5, 24, 25, 5, 26, 26, 5, 5, 5, 28, 5, 5, 30, 31, 5, 5, 5, 5, 5, 34, 35, 5, 5, 37, 5, 5, 5, 40, 5, 5, 5, 42, 42, 5, 5, 43, 44, 45, 5, 5, 5, 47, 5, 5, 5, 5, 5, 51, 5, 5, 54, 54, 5, 55, 5, 56, 5, 57, 58, 58, 5, 60, 61, 5, 5, 62, 5, 64, 5, 5, 66, 5, 5, 67, 68, 5, 5, 5, 70, 5, 72, 72, 5, 5, 74, 75, 75, 5, 5, 5, 5, 5, 79, 80, 5, 5, 81, 5, 82, 83, 5, 5, 5, 5, 5, 86, 87, 87, 88, 5, 5, 5, 5, 5, 91, 92, 5, 93, 5, 94, 5, 5, 5, 5, 5, 97, 5, 98, 5, 5, 99, 100, 5, 5, 101, 102, 103, 5, 5, 104, 5, 5, 107, 5, 108, 109, 5, 110, 110, 111, 5, 5, 112, 5, 5, 114, 5, 5, 116, 117, 5, 5, 118, 5, 5, 5, 121, 5, 5, 122, 5, 5, 5, 5, 125, 5, 5, 5, 5, 5, 129, 129, 130, 130, 5, 5, 5, 5, 5, 5, 135, 5, 5, 136, 5, 138, 5, 5, 140, 5, 141, 142, 142, 143, 5, 144, 144, 5, 146, 5, 147, 147, 5, 5, 5, 5, 5, 5, 5, 151, 152, 5, 153, 154, 5, 155, 5, 5, 5, 157, 158, 5, 5, 5, 5, 5, 162, 5, 5, 164, 165, 5, 5, 5, 167, 5, 5, 5, 169, 5, 5, 5, 172, 5, 5, 174, 5, 175, 176, 176, 5, 5]"
2025-05-02 09:36:53,"[1, 1, 1, 1, 1, 1, 1, 1, 1, 1, 1, 1, 1, 1, 1, 1, 1, 1, 1, 1, 1, 1, 1, 1, 1, 1, 1, 1, 1, 1, 1, 1, 1, 1, 1, 1, 1, 1, 1, 1, 1, 1, 1, 1, 1, 1, 1, 1, 1, 1, 1, 1, 1, 1, 1, 1, 1, 1, 1, 1, 1, 1, 1, 1, 1, 1, 1, 1, 1, 1, 1, 1, 1, 1, 1, 1, 1, 1, 1, 1, 1, 1, 1, 1, 1, 1, 1, 1, 1, 1, 1, 1, 1, 1, 1, 1, 1, 1, 1, 1, 1, 1, 1, 1, 1, 1, 1, 1, 1, 1, 1, 1, 1, 1, 1, 1, 1, 1, 1, 1, 1, 1, 1, 1, 1, 1, 1, 1, 1, 1, 1, 1, 1, 1, 1, 1, 1, 1, 1, 1, 1, 1, 1, 1, 1, 1, 1, 1, 1, 1, 1, 1, 1, 1, 1, 1, 1, 1, 1, 1, 1, 1, 1, 1, 1, 1, 1]","[2, 2, 2, 2, 2, 2, 2, 2, 2, 2, 2, 2, 2, 2, 2, 2, 2, 2, 2, 2, 2, 2, 2, 2, 2, 2, 2, 2, 2, 2, 2, 2, 2, 2, 2, 2, 2, 2, 2, 2, 2, 2, 2, 2, 2, 2, 2, 2, 2, 2, 2, 2, 2, 2, 2, 2, 2, 2, 2, 2, 2, 2, 2, 2, 2, 2, 2, 2, 2, 2, 2, 2, 2, 2, 2, 2, 2, 2, 2, 2, 2, 2, 2, 2, 2, 2, 2, 2, 2, 2, 2, 2, 2, 2, 2, 2, 2, 2, 2, 2, 2, 2, 2, 2, 2, 2, 2, 2, 2, 2, 2, 2, 2, 2, 2, 2, 2, 2, 2, 2, 2, 2, 2, 2, 2, 2, 2, 2, 2, 2, 2, 2, 2, 2, 2, 2, 2, 2, 2, 2, 2, 2, 2, 2, 2, 2, 2, 2, 2, 2, 2, 2, 2, 2, 2, 2, 2, 2, 2, 2, 2, 2, 2, 2, 2, 2, 2]","[91, 5, 89, 5, 5, 5, 5, 83, 5, 81, 81, 80, 5, 5, 78, 5, 5, 76, 76, 75, 74, 74, 73, 5, 5, 5, 5, 70, 69, 5, 5, 5, 5, 5, 5, 5, 5, 5, 5, 62, 5, 5, 5, 5, 5, 58, 57, 57, 5, 56, 55, 5, 5, 52, 5, 5, 51, 50, 5, 5, 5, 47, 5, 5, 44, 44, 5, 5, 42, 42, 41, 40, 40, 5, 5, 5, 5, 36, 36, 5, 5, 5, 33, 5, 32, 5, 5, 29, 5, 28, 5, 5, 5, 5, 5, 5, 5, 23, 5, 5, 21, 20, 5, 19, 5, 18, 5, 5, 5, 5, 14, 14, 5, 13, 12, 11, 11, 5, 10, 5, 5, 7, 5, 6, 6, 5, 5, 5, 3, 5, 5, 5, 0, 5, 5, 1, 5, 5, 5, 5, 4, 5, 5, 5, 7, 5, 5, 5, 10, 5, 11, 5, 5, 5, 13, 14, 15, 5, 5, 17, 17, 18, 18, 5, 5, 20, 5]"
2025-05-02 09:37:48,"[1, 1, 1, 1, 1, 1, 1, 1, 1, 1, 1, 1, 1, 1, 1, 1, 1, 1, 1, 1, 1, 1, 1, 1, 1, 1, 1, 1, 1, 1, 1, 1, 1, 1, 1, 1, 1, 1, 1, 1, 1, 1, 1, 1, 1, 1, 1, 1, 1, 1, 1, 1, 1, 1, 1, 1, 1, 1, 1, 1, 1, 1, 1, 1, 1, 1, 1, 1, 1, 1, 1, 1, 1, 1, 1, 1, 1, 1, 1, 1, 1, 1, 1, 1, 1, 1]","[2, 2, 2, 2, 2, 2, 2, 2, 2, 2, 2, 2, 2, 2, 2, 2, 2, 2, 2, 2, 2, 2, 2, 2, 2, 2, 2, 2, 2, 2, 2, 2, 2, 2, 2, 2, 2, 2, 2, 2, 2, 2, 2, 2, 2, 2, 2, 2, 2, 2, 2, 2, 2, 2, 2, 2, 2, 2, 2, 2, 2, 2, 2, 2, 2, 2, 2, 2, 2, 2, 2, 2, 2, 2, 2, 2, 2, 2, 2, 2, 2, 2, 2, 2, 2, 2]","[5, 5, 5, 5, 102, 101, 5, 5, 99, 99, 98, 98, 5, 96, 5, 5, 94, 5, 5, 92, 91, 5, 5, 5, 89, 5, 5, 5, 5, 5, 85, 5, 5, 5, 5, 82, 5, 80, 5, 5, 79, 5, 77, 5, 5, 75, 5, 5, 74, 74, 73, 5, 5, 71, 70, 5, 5, 5, 68, 67, 5, 5, 5, 5, 64, 63, 5, 5, 61, 5, 59, 59, 58, 5, 5, 56, 56, 55, 5, 5, 54, 5, 5, 5, 5]"
2025-05-02 09:39:58,"[1, 1, 1, 1, 1, 1, 1, 1, 1, 1, 1, 1, 1, 1, 1, 1, 1, 1, 1, 1, 1, 1, 1, 1, 1, 1, 1, 1, 1, 1, 1, 1, 1, 1, 1, 1, 1, 1, 1, 1, 1, 1, 1, 1, 1, 1, 1, 1, 1, 1, 1, 1, 1, 1, 1, 1, 1, 1, 1, 1, 1, 1, 1, 1, 1, 1, 1, 1, 1, 1, 1, 1, 1, 1, 1, 1, 1, 1, 1, 1, 1, 1, 1, 1, 1, 1, 1, 1, 1, 1, 1, 1, 1, 1, 1, 1, 1, 1, 1, 1, 1, 1, 1, 1, 1, 1, 1, 1, 1, 1, 1, 1, 1, 1, 1, 1, 1, 1, 1, 1, 1, 1, 1, 1, 1, 1, 1, 1, 1, 1, 1, 1, 1, 1, 1, 1, 1, 1, 1, 1, 1, 1, 1, 1, 1, 1, 1, 1, 1, 1, 1, 1, 1, 1, 1, 1, 1, 1, 1, 1, 1, 1, 1, 1, 1, 1, 1, 1, 1, 1, 1, 1, 1, 1, 1, 1, 1, 1, 1, 1, 1, 1, 1, 1, 1, 1, 1, 1, 1, 1, 1, 1, 1, 1, 1, 1, 1, 1, 1, 1, 1, 1, 1, 1, 1, 1, 1, 1, 1, 1, 1, 1, 1, 1, 1, 1, 1, 1, 1, 1, 1, 1, 1, 1, 1, 1, 1, 1, 1, 1, 1, 1, 1, 1, 1, 1, 1, 1, 1, 1, 1, 1, 1, 1, 1, 1, 1, 1, 1, 1, 1, 1, 1, 1, 1, 1, 1, 1, 1, 1, 1, 1, 1, 1, 1, 1, 1, 1, 1, 1, 1, 1, 1, 1, 1, 1, 1, 1, 1, 1, 1, 1, 1, 1, 1, 1, 1, 1, 1, 1, 1, 1, 1, 1, 1, 1, 1, 1, 1, 1, 1, 1, 1, 1, 1, 1, 1, 1, 1, 1, 1, 1, 1, 1, 1, 1, 1, 1, 1, 1, 1, 1, 1, 1, 1, 1, 1, 1, 1, 1, 1, 1, 1, 1, 1, 1, 1, 1, 1, 1, 1, 1, 1, 1, 1, 1, 1, 1, 1, 1, 1, 1, 1, 1, 1, 1, 1, 1, 1, 1, 1, 1, 1, 1, 1, 1, 1, 1, 1, 1, 1, 1, 1, 1, 1, 1, 1, 1, 1, 1, 1, 1, 1, 1, 1, 1, 1, 1, 1, 1, 1, 1, 1, 1, 1, 1, 1, 1, 1, 1, 1, 1, 1, 1, 1, 1, 1, 1, 1, 1, 1, 1, 1, 1, 1, 1, 1, 1, 1, 1, 1, 1, 1, 1, 1, 1, 1, 1, 1, 1, 1, 1, 1, 1, 1, 1, 1, 1, 1, 1, 1, 1, 1, 1, 1, 1, 1, 1, 1, 1, 1, 1, 1, 1, 1, 1, 1, 1, 1, 1, 1, 1, 1, 1, 1, 1, 1, 1, 1, 1, 1, 1, 1, 1, 1, 1, 1, 1, 1, 1, 1, 1, 1, 1, 1, 1, 1, 1, 1, 1, 1, 1, 1, 1, 1, 1, 1, 1, 1, 1, 1, 1, 1, 1, 1, 1, 1, 1, 1, 1, 1, 1, 1, 1, 1, 1, 1, 1, 1, 1, 1, 1, 1, 1, 1, 1, 1, 1, 1, 1, 1, 1, 1, 1, 1, 1, 1, 1, 1, 1, 1, 1, 1, 1, 1, 1, 1, 1, 1, 1, 1, 1, 1, 1, 1, 1, 1, 1, 1, 1, 1, 1, 1, 1, 1, 1, 1, 1, 1, 1, 1, 1, 1, 1, 1, 1, 1, 1, 1, 1, 1, 1, 1, 1, 1, 1, 1, 1, 1, 1, 1, 1, 1, 1, 1, 1, 1, 1, 1, 1, 1, 1, 1, 1, 1, 1, 1, 1, 1, 1, 1, 1, 1, 1, 1, 1, 1, 1, 1, 1, 1, 1, 1, 1, 1, 1, 1, 1, 1, 1, 1, 1, 1, 1, 1, 1, 1, 1, 1, 1, 1, 1, 1, 1, 1, 1, 1, 1, 1, 1, 1, 1, 1, 1, 1, 1, 1, 1, 1, 1, 1, 1, 1, 1, 1, 1, 1, 1, 1, 1, 1, 1, 1, 1, 1, 1, 1, 1, 1, 1, 1, 1, 1, 1, 1, 1, 1, 1, 1, 1, 1, 1, 1, 1, 1, 1, 1, 1, 1, 1, 1, 1, 1, 1, 1, 1, 1, 1, 1, 1, 1, 1, 1, 1, 1, 1, 1, 1, 1, 1, 1, 1, 1, 1, 1, 1, 1, 1, 1, 1, 1, 1, 1, 1, 1, 1, 1, 1, 1, 1, 1, 1, 1, 1, 1, 1, 1, 1, 1, 1, 1, 1, 1, 1, 1, 1, 1, 1, 1, 1, 1, 1, 1, 1, 1, 1, 1, 1, 1, 1, 1, 1, 1, 1, 1, 1, 1, 1, 1, 1, 1, 1, 1, 1, 1, 1, 1, 1, 1, 1, 1, 1, 1, 1, 1, 1, 1, 1, 1, 1, 1, 1, 1, 1, 1, 1, 1, 1, 1, 1, 1, 1, 1, 1, 1, 1, 1, 1, 1, 1, 1, 1, 1, 1, 1, 1, 1, 1, 1, 1, 1, 1, 1, 1, 1, 1, 1, 1, 1, 1, 1, 1, 1, 1, 1, 1, 1, 1, 1, 1, 1, 1, 1, 1, 1, 1, 1, 1, 1, 1, 1, 1, 1, 1, 1, 1, 1, 1, 1, 1, 1, 1, 1, 1, 1, 1, 1, 1, 1, 1, 1, 1, 1, 1, 1, 1, 1, 1, 1, 1, 1, 1, 1, 1, 1, 1, 1, 1, 1, 1, 1, 1, 1, 1, 1, 1, 1, 1, 1, 1, 1, 1, 1, 1, 1, 1, 1, 1, 1, 1, 1, 1, 1, 1, 1, 1, 1, 1, 1, 1, 1, 1, 1, 1, 1, 1, 1, 1, 1, 1, 1, 1, 1, 1, 1, 1, 1, 1, 1, 1, 1, 1, 1, 1, 1, 1, 1, 1, 1, 1, 1, 1, 1, 1, 1, 1, 1, 1, 1, 1, 1, 1, 1, 1, 1, 1, 1, 1, 1, 1, 1, 1, 1, 1, 1, 1, 1, 1, 1, 1, 1, 1, 1, 1, 1, 1, 1, 1, 1, 1, 1, 1, 1, 1, 1, 1, 1, 1, 1, 1, 1, 1, 1, 1, 1, 1, 1, 1, 1, 1, 1, 1, 1, 1, 1, 1, 1, 1, 1, 1, 1, 1, 1, 1, 1, 1, 1, 1, 1, 1, 1, 1, 1, 1, 1, 1, 1, 1, 1, 1, 1, 1, 1, 1, 1, 1, 1, 1, 1, 1, 1, 1, 1, 1, 1, 1, 1, 1, 1, 1, 1, 1, 1, 1, 1, 1, 1]","[2, 2, 2, 2, 2, 2, 2, 2, 2, 2, 2, 2, 2, 2, 2, 2, 2, 2, 2, 2, 2, 2, 2, 2, 2, 2, 2, 2, 2, 2, 2, 2, 2, 2, 2, 2, 2, 2, 2, 2, 2, 2, 2, 2, 2, 2, 2, 2, 2, 2, 2, 2, 2, 2, 2, 2, 2, 2, 2, 2, 2, 2, 2, 2, 2, 2, 2, 2, 2, 2, 2, 2, 2, 2, 2, 2, 2, 2, 2, 2, 2, 2, 2, 2, 2, 2, 2, 2, 2, 2, 2, 2, 2, 2, 2, 2, 2, 2, 2, 2, 2, 2, 2, 2, 2, 2, 2, 2, 2, 2, 2, 2, 2, 2, 2, 2, 2, 2, 2, 2, 2, 2, 2, 2, 2, 2, 2, 2, 2, 2, 2, 2, 2, 2, 2, 2, 2, 2, 2, 2, 2, 2, 2, 2, 2, 2, 2, 2, 2, 2, 2, 2, 2, 2, 2, 2, 2, 2, 2, 2, 2, 2, 2, 2, 2, 2, 2, 2, 2, 2, 2, 2, 2, 2, 2, 2, 2, 2, 2, 2, 2, 2, 2, 2, 2, 2, 2, 2, 2, 2, 2, 2, 2, 2, 2, 2, 2, 2, 2, 2, 2, 2, 2, 2, 2, 2, 2, 2, 2, 2, 2, 2, 2, 2, 2, 2, 2, 2, 2, 2, 2, 2, 2, 2, 2, 2, 2, 2, 2, 2, 2, 2, 2, 2, 2, 2, 2, 2, 2, 2, 2, 2, 2, 2, 2, 2, 2, 2, 2, 2, 2, 2, 2, 2, 2, 2, 2, 2, 2, 2, 2, 2, 2, 2, 2, 2, 2, 2, 2, 2, 2, 2, 2, 2, 2, 2, 2, 2, 2, 2, 2, 2, 2, 2, 2, 2, 2, 2, 2, 2, 2, 2, 2, 2, 2, 2, 2, 2, 2, 2, 2, 2, 2, 2, 2, 2, 2, 2, 2, 2, 2, 2, 2, 2, 2, 2, 2, 2, 2, 2, 2, 2, 2, 2, 2, 2, 2, 2, 2, 2, 2, 2, 2, 2, 2, 2, 2, 2, 2, 2, 2, 2, 2, 2, 2, 2, 2, 2, 2, 2, 2, 2, 2, 2, 2, 2, 2, 2, 2, 2, 2, 2, 2, 2, 2, 2, 2, 2, 2, 2, 2, 2, 2, 2, 2, 2, 2, 2, 2, 2, 2, 2, 2, 2, 2, 2, 2, 2, 2, 2, 2, 2, 2, 2, 2, 2, 2, 2, 2, 2, 2, 2, 2, 2, 2, 2, 2, 2, 2, 2, 2, 2, 2, 2, 2, 2, 2, 2, 2, 2, 2, 2, 2, 2, 2, 2, 2, 2, 2, 2, 2, 2, 2, 2, 2, 2, 2, 2, 2, 2, 2, 2, 2, 2, 2, 2, 2, 2, 2, 2, 2, 2, 2, 2, 2, 2, 2, 2, 2, 2, 2, 2, 2, 2, 2, 2, 2, 2, 2, 2, 2, 2, 2, 2, 2, 2, 2, 2, 2, 2, 2, 2, 2, 2, 2, 2, 2, 2, 2, 2, 2, 2, 2, 2, 2, 2, 2, 2, 2, 2, 2, 2, 2, 2, 2, 2, 2, 2, 2, 2, 2, 2, 2, 2, 2, 2, 2, 2, 2, 2, 2, 2, 2, 2, 2, 2, 2, 2, 2, 2, 2, 2, 2, 2, 2, 2, 2, 2, 2, 2, 2, 2, 2, 2, 2, 2, 2, 2, 2, 2, 2, 2, 2, 2, 2, 2, 2, 2, 2, 2, 2, 2, 2, 2, 2, 2, 2, 2, 2, 2, 2, 2, 2, 2, 2, 2, 2, 2, 2, 2, 2, 2, 2, 2, 2, 2, 2, 2, 2, 2, 2, 2, 2, 2, 2, 2, 2, 2, 2, 2, 2, 2, 2, 2, 2, 2, 2, 2, 2, 2, 2, 2, 2, 2, 2, 2, 2, 2, 2, 2, 2, 2, 2, 2, 2, 2, 2, 2, 2, 2, 2, 2, 2, 2, 2, 2, 2, 2, 2, 2, 2, 2, 2, 2, 2, 2, 2, 2, 2, 2, 2, 2, 2, 2, 2, 2, 2, 2, 2, 2, 2, 2, 2, 2, 2, 2, 2, 2, 2, 2, 2, 2, 2, 2, 2, 2, 2, 2, 2, 2, 2, 2, 2, 2, 2, 2, 2, 2, 2, 2, 2, 2, 2, 2, 2, 2, 2, 2, 2, 2, 2, 2, 2, 2, 2, 2, 2, 2, 2, 2, 2, 2, 2, 2, 2, 2, 2, 2, 2, 2, 2, 2, 2, 2, 2, 2, 2, 2, 2, 2, 2, 2, 2, 2, 2, 2, 2, 2, 2, 2, 2, 2, 2, 2, 2, 2, 2, 2, 2, 2, 2, 2, 2, 2, 2, 2, 2, 2, 2, 2, 2, 2, 2, 2, 2, 2, 2, 2, 2, 2, 2, 2, 2, 2, 2, 2, 2, 2, 2, 2, 2, 2, 2, 2, 2, 2, 2, 2, 2, 2, 2, 2, 2, 2, 2, 2, 2, 2, 2, 2, 2, 2, 2, 2, 2, 2, 2, 2, 2, 2, 2, 2, 2, 2, 2, 2, 2, 2, 2, 2, 2, 2, 2, 2, 2, 2, 2, 2, 2, 2, 2, 2, 2, 2, 2, 2, 2, 2, 2, 2, 2, 2, 2, 2, 2, 2, 2, 2, 2, 2, 2, 2, 2, 2, 2, 2, 2, 2, 2, 2, 2, 2, 2, 2, 2, 2, 2, 2, 2, 2, 2, 2, 2, 2, 2, 2, 2, 2, 2, 2, 2, 2, 2, 2, 2, 2, 2, 2, 2, 2, 2, 2, 2, 2, 2, 2, 2, 2, 2, 2, 2, 2, 2, 2, 2, 2, 2, 2, 2, 2, 2, 2, 2, 2, 2, 2, 2, 2, 2, 2, 2, 2, 2, 2, 2, 2, 2, 2, 2, 2, 2, 2, 2, 2, 2, 2, 2, 2, 2, 2, 2, 2, 2, 2, 2, 2, 2, 2, 2, 2, 2, 2, 2, 2, 2, 2, 2, 2, 2, 2, 2, 2, 2, 2, 2, 2, 2, 2, 2, 2, 2, 2, 2, 2, 2, 2, 2, 2, 2, 2, 2, 2, 2, 2, 2, 2, 2, 2, 2, 2, 2, 2, 2, 2, 2, 2, 2, 2, 2, 2, 2, 2, 2, 2, 2, 2, 2, 2, 2, 2, 2, 2, 2, 2, 2, 2, 2, 2, 2, 2, 2, 2, 2, 2, 2, 2, 2, 2, 2, 2, 2, 2, 2, 2, 2, 2, 2, 2, 2, 2, 2, 2, 2, 2, 2, 2, 2, 2, 2, 2, 2, 2, 2, 2, 2, 2, 2, 2, 2, 2, 2, 2, 2, 2, 2, 2, 2, 2, 2, 2, 2, 2, 2, 2, 2, 2, 2]","[5, 105, 5, 106, 5, 107, 108, 5, 110, 5, 5, 5, 5, 5, 5, 5, 115, 5, 5, 5, 119, 5, 5, 120, 5, 122, 122, 5, 5, 124, 125, 5, 5, 127, 5, 5, 129, 5, 5, 5, 5, 132, 5, 134, 135, 5, 5, 5, 137, 138, 138, 5, 140, 140, 142, 143, 5, 5, 145, 5, 5, 5, 5, 148, 149, 5, 5, 151, 5, 152, 153, 5, 5, 5, 5, 5, 5, 5, 158, 5, 5, 5, 161, 161, 162, 5, 5, 163, 164, 5, 5, 5, 5, 5, 5, 5, 5, 5, 170, 5, 171, 5, 5, 5, 5, 173, 5, 5, 175, 5, 176, 177, 5, 178, 5, 5, 5, 181, 5, 182, 5, 5, 5, 5, 5, 186, 187, 5, 5, 5, 5, 5, 191, 191, 5, 5, 5, 5, 194, 195, 196, 196, 197, 5, 5, 5, 199, 5, 5, 5, 5, 5, 5, 205, 5, 5, 207, 5, 5, 5, 5, 5, 5, 5, 212, 213, 5, 5, 5, 5, 216, 5, 5, 5, 219, 220, 221, 5, 5, 5, 5, 5, 224, 225, 5, 5, 5, 5, 228, 5, 5, 5, 5, 231, 5, 232, 5, 5, 234, 5, 5, 236, 236, 237, 237, 5, 238, 239, 5, 5, 5, 5, 242, 5, 5, 5, 5, 5, 5, 5, 248, 5, 249, 5, 5, 252, 252, 252, 253, 5, 255, 255, 0, 1, 2, 5, 5, 5, 5, 5, 6, 5, 7, 7, 8, 5, 9, 5, 5, 5, 5, 13, 5, 14, 5, 5, 16, 5, 17, 18, 5, 5, 5, 5, 5, 5, 5, 5, 5, 5, 5, 26, 26, 5, 5, 5, 5, 5, 30, 31, 5, 5, 5, 33, 5, 34, 5, 5, 5, 5, 5, 5, 5, 5, 41, 5, 5, 5, 5, 5, 5, 45, 5, 5, 5, 48, 48, 5, 5, 51, 5, 5, 5, 53, 54, 5, 5, 5, 5, 5, 57, 58, 5, 5, 5, 5, 5, 5, 5, 5, 5, 5, 5, 5, 5, 5, 5, 5, 5, 5, 5, 5, 71, 5, 5, 69, 5, 68, 68, 5, 5, 66, 5, 5, 5, 63, 62, 62, 5, 60, 5, 59, 5, 58, 57, 57, 5, 5, 55, 5, 54, 53, 5, 52, 52, 5, 50, 5, 5, 5, 5, 5, 5, 5, 45, 45, 44, 43, 43, 5, 5, 5, 5, 40, 5, 5, 5, 5, 36, 35, 5, 5, 5, 5, 33, 32, 5, 31, 30, 5, 28, 27, 5, 26, 5, 5, 5, 5, 22, 5, 5, 5, 5, 19, 18, 17, 5, 5, 5, 5, 5, 5, 12, 5, 5, 5, 5, 5, 9, 5, 7, 7, 5, 5, 5, 4, 5, 5, 2, 5, 1, 5, 5, 5, 255, 5, 253, 252, 5, 5, 5, 5, 249, 5, 5, 247, 5, 5, 245, 5, 5, 243, 5, 242, 242, 5, 240, 240, 240, 239, 5, 5, 5, 237, 5, 235, 235, 234, 233, 5, 5, 5, 231, 5, 230, 5, 5, 5, 5, 5, 226, 5, 225, 224, 5, 223, 222, 5, 5, 5, 220, 5, 219, 5, 217, 5, 5, 5, 5, 5, 5, 5, 5, 5, 211, 5, 5, 209, 5, 5, 207, 5, 5, 5, 5, 5, 204, 5, 5, 202, 202, 201, 5, 5, 5, 5, 197, 5, 5, 5, 195, 5, 194, 5, 5, 5, 5, 5, 191, 5, 5, 5, 188, 187, 186, 5, 185, 5, 5, 182, 5, 181, 5, 5, 5, 179, 178, 177, 5, 176, 175, 174, 5, 5, 172, 172, 5, 5, 5, 5, 168, 5, 5, 5, 5, 5, 164, 5, 5, 5, 5, 5, 5, 5, 158, 5, 5, 156, 5, 5, 155, 155, 5, 153, 5, 5, 5, 5, 150, 5, 149, 148, 147, 5, 5, 146, 145, 144, 5, 5, 5, 5, 140, 5, 5, 5, 5, 137, 137, 136, 5, 134, 5, 133, 5, 5, 5, 130, 5, 129, 5, 127, 127, 5, 5, 5, 5, 124, 5, 5, 121, 5, 120, 5, 5, 5, 117, 116, 5, 5, 5, 5, 5, 5, 112, 112, 5, 111, 5, 109, 5, 108, 5, 5, 5, 5, 5, 5, 5, 5, 101, 5, 5, 5, 99, 99, 98, 5, 96, 5, 95, 94, 5, 93, 5, 5, 91, 5, 5, 88, 88, 5, 5, 85, 85, 84, 5, 83, 5, 5, 5, 80, 5, 5, 5, 5, 77, 77, 5, 5, 5, 5, 5, 5, 5, 5, 71, 70, 70, 5, 68, 68, 5, 5, 5, 65, 64, 5, 5, 5, 5, 5, 60, 5, 59, 59, 5, 5, 5, 5, 55, 5, 54, 5, 53, 5, 5, 50, 5, 48, 48, 47, 47, 5, 5, 45, 5, 5, 5, 42, 5, 5, 5, 5, 5, 5, 5, 37, 5, 35, 5, 5, 5, 32, 32, 5, 30, 5, 29, 5, 5, 27, 26, 5, 5, 5, 5, 5, 5, 5, 5, 20, 20, 18, 5, 5, 5, 5, 5, 5, 14, 14, 13, 13, 5, 5, 5, 5, 5, 9, 5, 7, 7, 5, 5, 5, 4, 4, 5, 5, 5, 0, 5, 5, 1, 2, 2, 3, 5, 4, 5, 5, 6, 7, 7, 5, 9, 5, 10, 5, 5, 5, 13, 5, 5, 15, 16, 5, 5, 5, 5, 5, 19, 20, 5, 5, 5, 23, 5, 5, 5, 25, 5, 5, 27, 5, 5, 29, 5, 5, 5, 5, 5, 32, 33, 5, 5, 35, 5, 5, 5, 38, 38, 5, 40, 40, 5, 5, 5, 5, 44, 5, 45, 45, 5, 46, 5, 5, 5, 48, 5, 5, 5, 5, 5, 5, 54, 55, 5, 5, 5, 5, 58, 5, 5, 61, 61, 5, 5, 5, 5, 5, 5, 5, 5, 5, 5, 5, 5, 5, 5, 5, 5, 73, 5, 5, 5, 76, 76, 5, 5, 5, 79, 5, 80, 81, 81, 5, 5, 5, 5, 5, 5, 5, 5, 5, 5, 89, 90, 5, 5, 5, 92, 93, 5, 94, 95, 96, 5, 97, 5, 98, 5, 5, 5, 100, 5, 102, 5, 103, 104, 5, 5, 106, 5, 5, 5, 5, 5, 5, 5, 5, 111, 5, 5, 5, 114, 5, 5, 116, 5, 5, 5, 5, 120, 120, 121, 122, 5, 5, 124, 5, 5, 126, 5, 5, 5, 5, 5, 5, 130, 5, 5, 132, 133, 5, 134, 5, 135, 136, 5, 5, 5, 5, 139, 11, 5, 140, 141, 5, 5, 5, 5, 5, 145, 146, 5, 147, 147, 148, 149, 5, 5, 5, 151, 152, 5]"
2025-05-02 09:40:19,"[1, 1, 1, 1, 1, 1, 1, 1, 1, 1, 1, 1, 1, 1, 1, 1, 1, 1, 1, 1, 1, 1, 1, 1, 1, 1, 1, 1, 1, 1, 1, 1, 1, 1, 1, 1, 1, 1, 1, 1, 1, 1, 1, 1, 1, 1, 1, 1, 1, 1, 1, 1, 1, 1, 1, 1, 1, 1, 1, 1, 1, 1, 1, 1, 1, 1, 1, 1, 1, 1, 1, 1, 1, 1, 1, 1, 1, 1, 1, 1]","[2, 2, 2, 2, 2, 2, 2, 2, 2, 2, 2, 2, 2, 2, 2, 2, 2, 2, 2, 2, 2, 2, 2, 2, 2, 2, 2, 2, 2, 2, 2, 2, 2, 2, 2, 2, 2, 2, 2, 2, 2, 2, 2, 2, 2, 2, 2, 2, 2, 2, 2, 2, 2, 2, 2, 2, 2, 2, 2, 2, 2, 2, 2, 2, 2, 2, 2, 2, 2, 2, 2, 2, 2, 2, 2, 2, 2, 2, 2, 2]","[5, 105, 5, 5, 103, 103, 5, 5, 5, 100, 5, 5, 99, 5, 5, 5, 5, 96, 95, 5, 94, 5, 5, 91, 5, 90, 5, 89, 88, 5, 5, 5, 85, 5, 5, 83, 82, 82, 5, 5, 5, 5, 5, 5, 5, 5, 75, 75, 5, 73, 5, 72, 5, 71, 5, 70, 5, 5, 68, 68, 5, 5, 5, 65, 64, 63, 5, 5, 62, 5, 5, 59, 5, 5, 57, 5, 56, 55, 55]"
2025-05-02 09:41:11,"[1, 1, 1, 1, 1, 1, 1, 1, 1, 1, 1, 1, 1, 1, 1, 1, 1, 1, 1, 1, 1, 1, 1, 1, 1, 1, 1, 1, 1, 1, 1, 1, 1, 1, 1, 1, 1, 1, 1, 1, 1, 1, 1, 1, 1, 1, 1, 1, 1, 1, 1, 1, 1, 1, 1, 1, 1, 1, 1, 1, 1, 1, 1, 1, 1, 1, 1, 1, 1, 1, 1, 1, 1, 1, 1, 1, 1, 1, 1, 1, 1, 1, 1, 1, 1, 1, 1, 1, 1, 1, 1, 1, 1, 1, 1, 1, 1, 1, 1, 1, 1, 1, 1, 1, 1, 1, 1, 1, 1, 1, 1, 1, 1, 1, 1, 1, 1, 1, 1, 1, 1, 1, 1, 1, 1, 1, 1, 1, 1, 1, 1, 1, 1, 1, 1, 1, 1, 1, 1, 1, 1, 1]","[2, 2, 2, 2, 2, 2, 2, 2, 2, 2, 2, 2, 2, 2, 2, 2, 2, 2, 2, 2, 2, 2, 2, 2, 2, 2, 2, 2, 2, 2, 2, 2, 2, 2, 2, 2, 2, 2, 2, 2, 2, 2, 2, 2, 2, 2, 2, 2, 2, 2, 2, 2, 2, 2, 2, 2, 2, 2, 2, 2, 2, 2, 2, 2, 2, 2, 2, 2, 2, 2, 2, 2, 2, 2, 2, 2, 2, 2, 2, 2, 2, 2, 2, 2, 2, 2, 2, 2, 2, 2, 2, 2, 2, 2, 2, 2, 2, 2, 2, 2, 2, 2, 2, 2, 2, 2, 2, 2, 2, 2, 2, 2, 2, 2, 2, 2, 2, 2, 2, 2, 2, 2, 2, 2, 2, 2, 2, 2, 2, 2, 2, 2, 2, 2, 2, 2, 2, 2, 2, 2, 2, 2]","[19, 18, 17, 16, 15, 14, 14, 13, 12, 11, 11, 10, 8, 7, 7, 6, 5, 4, 3, 2, 1, 1, 0, 0, 1, 2, 3, 3, 4, 5, 5, 7, 8, 9, 9, 10, 11, 12, 13, 14, 15, 16, 17, 18, 18, 19, 19, 20, 21, 23, 23, 24, 25, 26, 27, 28, 29, 30, 31, 32, 33, 34, 34, 35, 36, 37, 37, 38, 39, 40, 41, 42, 43, 43, 44, 44, 45, 46, 47, 48, 49, 50, 51, 51, 52, 53, 54, 55, 56, 57, 57, 58, 59, 59, 60, 62, 62, 63, 64, 65, 66, 67, 68, 69, 70, 71, 72, 72, 73, 74, 75, 76, 77, 78, 79, 80, 81, 82, 83, 84, 84, 85, 86, 87, 87, 88, 89, 90, 91, 92, 93, 94, 95, 96, 97, 98, 98, 99, 100, 100, 101, 102]"
2025-05-02 09:42:50,"[10, 10, 10, 10, 10, 10, 10, 10, 10, 10, 10, 10, 10, 10, 10, 10, 10, 10, 10, 10, 10, 10, 10, 10, 10, 10, 10, 10, 10, 10, 10, 10, 10, 10, 10, 10, 10, 10, 10, 10, 10]","[12, 12, 7, 12, 12, 12, 12, 12, 12, 12, 2, 12, 12, 12, 3, 12, 12, 12, 12, 2, 12, 12, 12, 12, 12, 12, 12, 12, 12, 12, 12, 12, 12, 12, 12, 5, 12, 12, 12, 12, 3]","[34, 33, 32, 31, 30, 29, 28, 27, 26, 25, 24, 23, 21, 20, 20, 19, 18, 17, 16, 15, 14, 13, 12, 11, 10, 8, 8, 7, 6, 5, 4, 3, 2, 1, 0, 255, 254, 253, 252, 251]"
2025-05-02 09:44:19,"[13, 13, 13, 13, 13, 13, 13, 13, 13, 13, 13, 13, 13, 13, 13, 13, 13, 13, 13, 13, 13, 13, 13, 13, 13, 13, 13, 13, 13, 13, 13, 13, 13, 13, 13, 13, 13, 13, 13, 13, 13, 13, 13, 13]","[12, 12, 12, 12, 12, 12, 12, 12, 12, 12, 12, 12, 12, 12, 12, 12, 12, 12, 12, 12, 12, 12, 12, 12, 12, 12, 12, 12, 12, 12, 12, 12, 12, 12, 12, 12, 12, 12, 12, 12, 12, 12, 12]","[35, 36, 37, 39, 40, 41, 42, 43, 44, 45, 46, 47, 48, 49, 50, 51, 53, 54, 55, 56, 57, 58, 59, 60, 61, 62, 63, 64, 65, 67, 68, 69, 69, 70, 71, 70, 69, 67, 67, 66, 65, 64, 63]"
2025-05-02 09:45:26,"[13, 13, 13, 13, 13, 13, 13, 13, 13, 13, 13, 13, 13, 13, 13, 13, 13, 13, 13, 13, 13, 13, 13, 13, 13, 13, 13, 13, 13]","[12, 12, 11, 2, 12, 11, 12, 12, 11, 12, 12, 12, 12, 12, 12, 12, 12, 12, 12, 5, 12, 12, 7, 12, 12, 12, 12, 12]","[96, 95, 94, 93, 92, 91, 90, 89, 88, 87, 86, 85, 84, 83, 82, 80, 79, 78, 77, 76, 75, 74, 73, 72, 71, 70, 69, 68]"
2025-05-02 11:57:45,[],[],[]
2025-05-02 13:42:47,"[23, 23, 23, 23, 23, 23, 23, 23, 23, 23, 23, 23, 23, 23, 23, 23, 23, 23, 23, 23, 23, 23, 23, 23, 23, 23, 23, 23, 23, 23, 23, 23, 23, 23, 23, 23, 23, 23, 23, 23, 23, 23, 23, 23, 23, 23, 23, 23, 23, 23, 23, 23, 23, 23, 23, 23, 23, 23, 23, 23, 23, 23, 23, 23, 23, 23, 23, 23, 23, 23, 23, 23, 23, 23, 23, 23, 23, 23, 23, 23, 23, 23, 23, 23, 23, 23, 23, 23, 23, 23, 23, 23, 23, 23, 23, 23, 23, 23, 23, 23, 23, 23, 23, 23, 23, 23, 23, 23, 23, 23, 23, 23, 23, 23, 23, 23, 23, 23, 23, 23, 23, 23, 23, 23, 23, 23, 23, 23, 23, 23, 23, 23, 23, 23, 23, 23, 23, 23, 23, 23, 23, 23, 23, 23, 23, 23, 23, 23, 23, 23, 23, 23, 23, 23, 23, 23, 23, 23, 23, 23, 23, 23, 23, 23, 23, 23, 23, 23, 23, 23, 23, 23, 23, 23, 23, 23, 23, 23, 23, 23, 23, 23, 23, 23, 23, 23, 23, 23, 23, 23, 23, 23, 23, 23, 23, 23, 23, 23, 23, 23, 23, 23, 23, 23, 23, 23, 23, 23, 23, 23, 23, 23, 23, 23, 23, 23, 23, 23, 23, 23, 23, 23, 23, 23, 23, 23, 23, 23, 23, 23, 23, 23, 23, 23, 23, 23, 23, 23, 23, 23, 23, 23, 23, 23, 23, 23, 23, 23, 23, 23, 23, 23, 23, 23, 23, 23, 23, 23, 23, 23, 23, 23, 23, 23, 23, 23, 23, 23, 23, 23, 23, 23, 23, 23, 23, 23, 23, 23, 23, 23, 23, 23, 23, 23, 23, 23, 23, 23, 23, 23, 23, 23, 23, 23, 23, 23, 23, 23, 23, 23, 23, 23, 23, 23, 23, 23, 23, 23, 23, 23, 23, 23, 23, 23, 23, 23, 23, 23, 23, 23, 23, 23, 23, 23, 23, 23, 23, 23, 23, 23, 23, 23, 23, 23, 23, 23, 23, 23, 23, 23, 23, 23, 23, 23, 23, 23, 23, 23, 23, 23, 23, 23, 23, 23, 23, 23, 23, 23, 23, 23, 23, 23, 23, 23, 23, 23, 23, 23, 23, 23, 23, 23, 23, 23, 23, 23, 23, 23, 23, 23, 23, 23, 23, 23, 23, 23, 23, 23, 23, 23, 23, 23, 23, 23, 23, 23, 23, 23, 23, 23, 23, 23, 23, 23, 23, 23, 23, 23, 23, 23, 23, 23, 23, 23, 23, 23, 23, 23, 23, 23, 23, 23, 23, 23, 23, 23, 23, 23, 23, 23, 23, 23, 23, 23, 23, 23, 23, 23, 23, 23, 23, 23, 23, 23, 23, 23, 23, 23, 23, 23, 23, 23, 23, 23, 23, 23, 23, 23, 23, 23, 23, 23, 23, 23, 23, 23, 23, 23, 23, 23, 23, 23, 23, 23, 23, 23, 23, 23, 23, 23, 23, 23, 23, 23, 23, 23, 23, 23, 23, 23, 23, 23, 23, 23, 23, 23, 23, 23, 23, 23, 23, 23, 23, 23, 23, 23, 23, 23, 23, 23, 23, 23, 23, 23, 23, 23, 23, 23, 23, 23, 23, 23, 23, 23, 23, 23, 23, 23, 23, 23, 23, 23, 23, 23, 23, 23, 23, 23, 23, 23, 23, 23, 23, 23, 23, 23, 23, 23, 23, 23, 23, 23, 23, 23, 23, 23, 23, 23, 23, 23, 23, 23, 23, 23, 23, 23, 23, 23, 23, 23, 23, 23, 23, 23, 23, 23, 23, 23, 23, 23, 23, 23, 23, 23, 23, 23, 23, 23, 23, 23, 23, 23, 23, 23, 23, 23, 23, 23, 23, 23, 23, 23, 23, 23, 23, 23, 23, 23, 23, 23, 23, 23, 23, 23, 23, 23, 23, 23, 23, 23, 23, 23, 23, 23, 23, 23, 23, 23, 23, 23, 23, 23, 23, 23, 23, 23, 23, 23, 23, 23, 23, 23, 23, 23, 23, 23, 23, 23, 23, 23, 23, 23, 23, 23, 23, 23, 23, 23, 23, 23, 23, 23, 23, 23, 23, 23, 23, 23, 23, 23, 23, 23, 23, 23, 23, 23, 23, 23, 23, 23, 23, 23, 23, 23]","[12, 12, 10, 12, 5, 12, 12, 12, 12, 12, 12, 12, 12, 9, 12, 12, 12, 12, 12, 12, 12, 12, 12, 12, 12, 4, 12, 12, 12, 12, 12, 12, 12, 12, 12, 9, 12, 7, 12, 12, 12, 12, 7, 12, 12, 12, 12, 12, 12, 12, 12, 12, 12, 6, 12, 12, 12, 9, 3, 7, 12, 5, 9, 12, 12, 12, 12, 12, 12, 12, 12, 10, 12, 12, 12, 12, 12, 12, 5, 12, 12, 12, 11, 12, 12, 12, 4, 8, 12, 12, 12, 12, 12, 12, 12, 12, 12, 12, 12, 12, 5, 12, 12, 7, 12, 12, 12, 12, 12, 12, 12, 6, 12, 4, 12, 12, 12, 12, 12, 5, 12, 12, 12, 12, 12, 10, 12, 12, 12, 12, 12, 12, 12, 6, 12, 4, 12, 12, 12, 12, 12, 12, 12, 12, 12, 12, 12, 12, 12, 9, 2, 12, 12, 12, 12, 12, 12, 12, 12, 12, 12, 12, 12, 12, 12, 12, 12, 12, 12, 12, 12, 12, 12, 12, 10, 12, 12, 12, 3, 12, 11, 12, 12, 12, 12, 12, 12, 12, 12, 4, 12, 12, 12, 8, 12, 5, 12, 12, 12, 12, 12, 12, 12, 12, 12, 12, 12, 12, 12, 12, 12, 12, 12, 12, 12, 12, 11, 12, 9, 12, 6, 12, 12, 12, 12, 12, 11, 4, 12, 12, 12, 12, 12, 12, 12, 12, 12, 12, 12, 12, 12, 12, 12, 12, 12, 12, 12, 12, 12, 12, 12, 2, 12, 12, 12, 8, 12, 12, 12, 12, 12, 12, 12, 12, 12, 12, 12, 12, 12, 12, 2, 12, 12, 12, 6, 12, 12, 12, 9, 12, 12, 12, 2, 6, 12, 12, 12, 12, 3, 8, 12, 12, 12, 12, 4, 12, 12, 12, 12, 12, 12, 12, 12, 12, 12, 12, 10, 3, 12, 12, 2, 12, 12, 12, 9, 12, 12, 12, 12, 12, 12, 12, 12, 12, 3, 7, 12, 12, 12, 12, 12, 12, 12, 12, 11, 4, 12, 12, 12, 12, 12, 12, 12, 12, 12, 12, 12, 10, 12, 12, 10, 12, 12, 12, 2, 12, 12, 12, 12, 10, 12, 12, 12, 12, 12, 12, 5, 10, 3, 8, 12, 5, 12, 12, 12, 12, 12, 12, 11, 5, 9, 2, 12, 12, 2, 12, 12, 12, 12, 12, 12, 12, 12, 12, 12, 12, 12, 12, 12, 10, 12, 12, 12, 12, 12, 12, 12, 12, 12, 12, 12, 2, 12, 10, 12, 12, 12, 12, 12, 12, 5, 12, 4, 12, 12, 12, 8, 12, 12, 12, 12, 12, 12, 12, 12, 12, 12, 12, 12, 12, 3, 12, 12, 12, 12, 12, 12, 12, 12, 12, 12, 12, 12, 12, 12, 12, 12, 12, 12, 12, 12, 12, 12, 12, 12, 12, 12, 12, 12, 12, 12, 5, 9, 3, 7, 12, 12, 12, 12, 12, 12, 12, 5, 12, 12, 12, 12, 12, 12, 12, 5, 12, 12, 12, 12, 12, 12, 12, 12, 12, 12, 12, 12, 12, 12, 12, 12, 12, 12, 12, 12, 12, 12, 12, 12, 11, 12, 9, 12, 7, 12, 12, 10, 12, 5, 12, 12, 12, 12, 12, 7, 12, 12, 12, 12, 12, 12, 12, 12, 12, 12, 12, 12, 12, 12, 12, 6, 12, 12, 10, 10, 12, 12, 12, 6, 12, 12, 12, 12, 4, 12, 12, 12, 12, 12, 12, 12, 12, 12, 7, 12, 12, 12, 12, 12, 12, 12, 7, 12, 12, 12, 11, 5, 10, 12, 12, 12, 12, 12, 12, 12, 10, 12, 12, 12, 4, 8, 12, 12, 11, 12, 12, 12, 4, 12, 12, 12, 12, 12, 12, 12, 12, 12, 12, 12, 12, 12, 12, 12, 2, 7, 12, 12, 6, 12, 12, 12, 12, 12, 12, 12, 12, 12, 12, 12, 12, 12, 6, 12, 12, 8, 12, 7, 12, 12, 12, 11, 12, 9, 12, 12, 12, 12, 12, 12, 5, 12, 3, 12, 12, 12, 7, 12, 3, 7, 12, 12, 12, 12, 12, 12, 12, 12, 12, 12, 12, 12, 12, 12, 4, 12, 12, 12, 12]","[0, 1, 2, 2, 3, 4, 5, 6, 6, 7, 8, 9, 9, 10, 11, 12, 13, 14, 14, 15, 16, 16, 17, 18, 19, 20, 20, 21, 22, 23, 24, 24, 25, 26, 27, 28, 28, 29, 30, 31, 31, 32, 33, 34, 35, 35, 36, 37, 38, 38, 39, 40, 41, 42, 43, 43, 44, 45, 46, 46, 47, 48, 49, 49, 50, 51, 52, 53, 53, 54, 55, 56, 57, 58, 58, 59, 60, 61, 61, 62, 63, 64, 65, 65, 66, 67, 68, 68, 69, 70, 71, 71, 72, 73, 74, 75, 76, 76, 77, 78, 79, 80, 80, 81, 82, 83, 84, 84, 85, 86, 87, 87, 88, 89, 89, 90, 91, 92, 92, 93, 94, 95, 96, 96, 97, 98, 99, 100, 100, 101, 102, 103, 104, 104, 105, 106, 107, 107, 108, 109, 110, 111, 112, 113, 114, 114, 115, 116, 117, 118, 119, 120, 120, 121, 122, 122, 123, 124, 125, 126, 126, 127, 128, 129, 130, 131, 131, 132, 133, 133, 134, 135, 136, 136, 137, 138, 139, 140, 140, 141, 142, 143, 144, 144, 145, 146, 147, 148, 148, 149, 150, 151, 151, 152, 153, 154, 155, 155, 156, 157, 158, 158, 159, 160, 161, 162, 163, 163, 164, 165, 166, 166, 167, 168, 169, 170, 170, 171, 172, 172, 173, 174, 175, 176, 176, 177, 178, 178, 179, 180, 181, 182, 183, 183, 184, 185, 185, 186, 187, 188, 189, 189, 190, 191, 192, 193, 193, 194, 195, 195, 196, 197, 198, 199, 199, 200, 201, 202, 203, 203, 204, 205, 206, 207, 207, 208, 209, 210, 210, 211, 212, 213, 214, 214, 215, 216, 217, 218, 219, 219, 220, 221, 222, 223, 223, 224, 225, 226, 227, 227, 228, 229, 230, 231, 231, 232, 233, 233, 234, 235, 236, 237, 237, 238, 239, 240, 241, 241, 242, 243, 244, 244, 245, 246, 247, 248, 248, 249, 250, 250, 251, 251, 252, 253, 253, 254, 255, 0, 1, 2, 1, 0, 0, 0, 1, 2, 3, 4, 5, 7, 8, 9, 11, 12, 13, 13, 13, 13, 14, 14, 15, 16, 16, 19, 22, 25, 25, 26, 26, 26, 27, 28, 29, 30, 31, 31, 32, 33, 34, 34, 35, 36, 37, 38, 38, 39, 40, 41, 41, 42, 43, 44, 44, 45, 46, 47, 48, 49, 49, 50, 51, 51, 52, 53, 54, 55, 55, 56, 57, 58, 58, 59, 60, 61, 61, 62, 63, 64, 65, 65, 66, 67, 68, 69, 70, 70, 71, 71, 70, 69, 68, 68, 67, 66, 65, 64, 63, 63, 62, 61, 60, 60, 59, 58, 57, 57, 56, 55, 54, 54, 53, 52, 51, 51, 50, 49, 48, 47, 46, 45, 45, 44, 43, 42, 42, 41, 40, 39, 39, 38, 37, 36, 36, 35, 34, 33, 32, 31, 30, 30, 29, 28, 27, 27, 26, 25, 24, 23, 22, 22, 21, 20, 19, 18, 18, 17, 16, 15, 15, 14, 13, 12, 11, 11, 10, 9, 8, 7, 7, 6, 5, 4, 3, 3, 2, 1, 1, 0, 255, 254, 253, 252, 251, 251, 250, 249, 249, 248, 247, 247, 246, 245, 244, 243, 243, 242, 241, 240, 239, 239, 238, 237, 236, 235, 235, 234, 233, 232, 231, 231, 230, 229, 228, 227, 227, 226, 225, 224, 223, 222, 222, 221, 220, 219, 219, 218, 217, 216, 215, 215, 214, 213, 212, 211, 210, 210, 209, 208, 207, 206, 206, 205, 204, 203, 203, 202, 201, 200, 199, 198, 197, 197, 196, 195, 194, 194, 193, 192, 191, 191, 190, 189, 188, 187, 187, 186, 185, 184, 183, 183, 182, 181, 180, 179, 179, 178, 177, 176, 175, 175, 174, 173, 172, 171, 171, 170, 169, 168, 168, 167, 166, 165, 164, 163, 163, 162, 161, 160, 159, 158, 158, 157, 156, 155, 154, 153, 153, 152, 151, 150, 150, 149, 148, 147, 146, 146, 145, 144, 143, 143, 142, 141, 140, 140, 139, 138, 137, 137, 136, 135, 134, 133, 132, 131, 131, 130, 129, 129, 128, 127, 126, 126, 125, 124, 123, 123, 122, 121, 120, 119, 118, 117, 116, 115]"
2025-05-02 13:44:43,"[23, 23, 23, 23, 23, 23, 23, 23, 23, 23, 23, 23, 23, 23, 23, 23, 23, 23, 23, 23, 23, 23, 23, 23, 23, 23, 23, 23, 23, 23, 23, 23, 23, 23, 23, 23, 23, 23, 23, 23, 23, 23, 23, 23, 23, 23, 23, 23, 23, 23, 23, 23, 23, 23, 23, 23, 23, 23, 23, 23, 23, 23, 23, 23, 23, 23, 23, 23, 23, 23, 23, 23, 23, 23, 23, 23, 23, 23, 23, 23, 23, 23, 23, 23, 23, 23, 23, 23, 23, 23, 23, 23, 23, 23, 23, 23, 23, 23, 23, 23, 23, 23, 23, 23, 23, 23, 23, 23, 23, 23, 23, 23, 23]","[12, 12, 2, 12, 12, 4, 12, 12, 12, 7, 12, 5, 10, 12, 12, 12, 12, 12, 11, 5, 9, 3, 7, 12, 12, 12, 12, 12, 12, 12, 12, 12, 12, 12, 12, 4, 12, 12, 12, 12, 12, 6, 12, 12, 12, 12, 12, 7, 12, 12, 12, 12, 12, 12, 12, 12, 12, 5, 12, 12, 12, 8, 12, 12, 11, 12, 5, 12, 12, 12, 12, 12, 12, 12, 5, 12, 12, 12, 12, 12, 6, 12, 12, 12, 12, 12, 8, 12, 12, 11, 12, 12, 12, 12, 12, 12, 12, 7, 12, 12, 12, 3, 12, 12, 12, 7, 12, 12, 12, 12, 12, 12]","[0, 1, 2, 3, 3, 4, 5, 6, 7, 7, 8, 9, 10, 10, 11, 12, 13, 13, 14, 15, 16, 16, 17, 18, 19, 19, 20, 21, 22, 23, 24, 24, 25, 26, 27, 27, 28, 29, 30, 31, 31, 32, 33, 34, 34, 35, 36, 37, 38, 39, 39, 40, 41, 42, 43, 43, 44, 45, 46, 47, 47, 48, 49, 50, 50, 51, 52, 53, 54, 55, 55, 56, 57, 58, 58, 59, 60, 61, 62, 63, 63, 64, 65, 65, 66, 67, 68, 69, 70, 70, 71, 72, 73, 74, 74, 75, 76, 77, 77, 78, 79, 80, 80, 81, 82, 83, 84, 85, 85, 86, 87, 88]"
2025-05-02 13:47:27,"[10, 10, 10, 10, 10, 10, 10, 12, 15, 18, 22, 27, 37, 80, 80, 80, 50, 24, 18, 14, 10, 10, 10, 10, 10, 10, 10, 10, 10, 10, 10, 10, 10, 10, 10, 10, 10, 10, 11, 14, 18, 20, 22, 24, 26, 28, 30, 30, 28, 27, 25, 23, 21, 20, 19, 18, 16, 13, 11, 10, 10, 10, 10, 10, 10, 10, 10, 10, 10, 10, 10, 10, 10, 12, 13, 13, 13, 13, 13, 13, 13, 13, 14, 14, 16, 16, 16, 16, 16, 16, 16, 16, 17, 18, 19, 19, 18, 19, 19, 19, 19, 20, 20, 20, 21, 21, 21, 21, 21, 22, 23, 24, 24, 25, 26, 26, 27, 27, 28, 28, 30, 34, 34, 34, 35, 34, 37, 38, 39, 48, 50, 52, 52, 52, 50, 45, 39, 36, 32, 28, 26, 23, 23, 22, 22, 22, 22, 23, 23, 23, 22, 22, 21, 21, 21, 21, 21, 21, 21, 21, 21, 24, 38, 39, 39, 41, 41, 46, 46, 43, 41, 41, 41, 37, 37, 35, 34, 32, 32, 32, 32, 36, 36, 30, 39, 41, 39, 50, 55, 55, 60, 60, 58, 65, 68, 68, 60, 60, 65, 60, 58, 60, 58, 60, 56, 48, 46, 46, 47, 47, 46, 47, 46, 46, 46, 46, 46, 46, 46, 25, 24, 24, 24, 23, 20, 16, 11, 10, 10, 10, 10, 10, 65, 72, 80, 80, 72, 65, 76, 80, 80, 80, 76, 65, 65, 46, 16, 13, 10, 10, 10, 10, 12, 11, 11, 11, 11, 11, 11, 11, 11, 11, 11, 11, 11, 11, 11, 11, 11, 11, 11, 11, 11, 11, 11, 11, 11, 11, 11, 11, 11, 11, 11, 11, 11, 11, 11, 11, 11, 11, 11, 11, 11, 11, 11, 11, 11, 11, 11, 11, 11, 11, 11, 11, 11, 11, 11, 11, 11, 11, 11, 11, 11, 11]","[12, 2, 12, 12, 12, 12, 12, 12, 12, 12, 12, 12, 2, 12, 12, 4, 12, 12, 12, 12, 12, 12, 12, 12, 12, 11, 12, 12, 8, 3, 12, 12, 10, 6, 12, 6, 2, 12, 2, 12, 12, 12, 11, 12, 12, 10, 3, 12, 12, 12, 12, 9, 12, 12, 12, 12, 9, 12, 12, 12, 12, 12, 12, 12, 12, 12, 12, 12, 5, 12, 12, 12, 12, 12, 12, 12, 12, 12, 12, 12, 12, 2, 12, 12, 12, 12, 12, 10, 12, 6, 12, 12, 12, 12, 12, 12, 6, 12, 12, 12, 12, 12, 12, 12, 12, 12, 12, 2, 12, 11, 12, 12, 12, 7, 12, 12, 12, 12, 12, 12, 9, 12, 5, 12, 11, 12, 12, 8, 12, 12, 12, 12, 12, 12, 12, 12, 12, 12, 12, 12, 12, 12, 6, 12, 12, 12, 12, 12, 8, 12, 12, 10, 12, 12, 12, 12, 12, 12, 12, 11, 12, 6, 9, 12, 12, 12, 12, 12, 4, 12, 12, 12, 12, 12, 12, 12, 12, 12, 12, 8, 12, 12, 12, 12, 9, 12, 12, 12, 12, 12, 12, 12, 12, 12, 12, 12, 12, 12, 12, 12, 12, 12, 12, 9, 12, 12, 12, 12, 12, 12, 12, 12, 12, 12, 12, 12, 12, 12, 7, 12, 12, 12, 12, 12, 9, 12, 12, 12, 12, 12, 12, 12, 12, 12, 12, 11, 12, 12, 12, 7, 12, 12, 12, 12, 12, 5, 12, 12, 12, 12, 12, 12, 12, 5, 12, 12, 12, 12, 12, 6, 12, 12, 11, 6, 12, 4, 12, 12, 12, 12, 10, 12, 12, 12, 12, 12, 12, 3, 12, 12, 12, 12, 12, 12, 12, 12, 12, 12, 12, 12, 12, 12, 12, 12, 12, 12, 12, 12, 12, 12, 12, 12, 3, 9, 12, 12, 3, 12, 12, 12, 12, 12, 12]","[189, 188, 188, 187, 186, 185, 185, 184, 183, 183, 182, 181, 180, 179, 178, 177, 177, 176, 175, 174, 174, 173, 172, 172, 171, 170, 169, 168, 167, 167, 166, 165, 164, 163, 162, 162, 161, 160, 159, 159, 158, 157, 156, 155, 155, 154, 153, 153, 152, 151, 150, 149, 148, 148, 147, 146, 145, 145, 144, 143, 142, 141, 141, 140, 139, 138, 138, 137, 136, 135, 135, 134, 133, 132, 131, 131, 130, 129, 128, 128, 127, 126, 125, 124, 124, 123, 122, 122, 121, 120, 119, 118, 117, 117, 116, 115, 114, 113, 113, 112, 111, 110, 110, 109, 108, 108, 107, 106, 105, 105, 104, 103, 102, 102, 101, 100, 99, 99, 98, 97, 96, 96, 95, 94, 93, 93, 92, 91, 90, 89, 89, 88, 87, 86, 86, 85, 84, 83, 82, 82, 81, 80, 79, 79, 78, 77, 76, 75, 75, 74, 73, 73, 72, 71, 70, 70, 69, 68, 67, 66, 66, 65, 64, 64, 63, 62, 61, 60, 59, 59, 58, 57, 56, 55, 55, 54, 53, 52, 52, 51, 50, 49, 48, 47, 47, 46, 45, 44, 44, 43, 42, 41, 41, 40, 39, 38, 38, 37, 36, 35, 34, 34, 33, 32, 31, 30, 30, 29, 28, 27, 27, 26, 25, 24, 24, 23, 22, 21, 20, 20, 19, 18, 17, 17, 16, 15, 14, 13, 13, 12, 11, 10, 9, 9, 8, 7, 6, 6, 5, 4, 3, 2, 2, 1, 0, 0, 1, 2, 3, 3, 4, 5, 5, 6, 7, 8, 8, 9, 10, 11, 11, 12, 13, 14, 15, 15, 16, 17, 18, 19, 19, 20, 21, 22, 23, 23, 24, 25, 26, 27, 27, 28, 29, 30, 31, 31, 32, 33, 34, 35, 35, 36, 37, 37, 38, 39, 40, 40, 41, 42, 43, 44, 44, 45, 46, 47, 48, 49, 50, 50, 51, 52, 53]"
2025-05-02 13:47:57,"[10, 10, 10, 10, 10, 10, 10, 12, 15, 18, 22, 27, 37, 80, 80, 80, 50, 24, 18, 14, 10, 10, 10, 10, 10, 10, 10, 10, 10, 10, 10, 10, 10, 10, 10, 10, 10, 10, 11, 14, 18, 20, 22, 24, 26, 28, 30, 30, 28, 27, 25, 23, 21, 20, 19, 18, 16, 13, 11, 10, 10, 10, 10, 10, 10, 10, 10, 10, 10, 10, 10, 10, 10, 12, 13, 13, 13, 13, 13, 13, 13, 13, 14, 14, 16, 16, 16, 16, 16, 16, 16, 16, 17, 18, 19, 19, 18, 19, 19, 19, 19, 20, 20, 20, 21, 21, 21, 21, 21, 22, 23, 24, 24, 25, 26, 26, 27, 27, 28, 28, 30, 34, 34, 34, 35, 34, 37, 38, 39, 48, 50, 52, 52, 52, 50, 45, 39, 36, 32, 28, 26, 23, 23, 22, 22, 22, 22, 23, 23, 23, 22, 22, 21, 21, 21, 21, 21, 21, 21, 21, 21, 24, 38, 39, 39, 41, 41, 46, 46, 43, 41, 41, 41, 37, 37, 35, 34, 32, 32, 32, 32, 36, 36, 30, 39, 41, 39, 50, 55, 55, 60, 60, 58, 65, 68, 68, 60, 60, 65, 60, 58, 60, 58, 60, 56, 48, 46, 46, 47, 47, 46, 47, 46, 46, 46, 46, 46, 46, 46, 25, 24, 24, 24, 23, 20, 16, 11, 10, 10, 10, 10, 10, 65, 72, 80, 80, 72, 65, 76, 80, 80, 80, 76, 65, 65, 46, 16, 13, 10, 10, 10, 10, 12, 11, 11, 11, 11, 11, 11, 11, 11, 11, 11, 11, 11, 11, 11, 11, 11, 11, 11, 11, 11, 11, 11, 11, 11, 11, 11, 11, 11, 11, 11, 11, 11, 11, 11, 11, 11, 11, 11, 11, 11, 11, 11, 11, 11, 11, 11, 11, 11, 11, 11, 11, 11, 11, 11, 11, 11, 11, 11, 11, 11, 11, 11, 11, 11, 10, 11, 11, 11, 11, 11, 11, 11, 11, 11, 11, 11, 11, 11, 11, 11, 11, 11, 11, 11, 11, 11, 11, 10, 11, 11, 10, 11, 11, 10, 11, 11, 11, 11, 11, 10, 10, 11, 11, 11, 11, 11, 11, 11, 11, 11, 11, 11, 11, 11, 11, 11, 11, 11, 11, 11, 11, 11, 11, 11, 11, 11, 11, 11, 10, 11, 11, 11, 11, 11, 10, 11, 11, 11, 11, 11, 11, 11, 11, 11, 11, 11, 11, 11, 11, 11, 11, 11, 11, 11, 11, 11, 11, 11, 11, 11, 10, 11, 11, 11, 11, 11, 11, 11, 11, 11, 11, 11, 11, 10, 11, 11, 11, 11, 11, 11, 11, 11, 11, 11, 11, 11, 11, 11, 11, 11, 11, 10, 11, 11, 11, 11, 11, 11, 10, 11, 11, 11, 11, 11, 11, 11, 11, 11, 11, 11, 11, 11, 11, 11, 11, 11, 11, 11, 11, 11, 10, 11, 10, 11, 11, 10, 11, 11, 11, 10, 11, 11, 11, 11, 10, 11, 11, 11, 11, 11, 10, 11, 11, 11, 11, 11, 10, 11, 11, 11, 11, 11, 11, 11, 11, 11, 10, 11, 11, 11, 11, 11, 11, 11, 10, 11, 10, 11, 11, 11, 11, 11, 11, 11, 10, 11, 11, 11, 10, 11, 11, 11, 11, 11, 11, 11, 11, 11, 11, 11, 11, 11, 10, 11, 11, 11, 11, 11, 11, 11, 10, 11, 11]","[12, 2, 12, 12, 12, 12, 12, 12, 12, 12, 12, 12, 2, 12, 12, 4, 12, 12, 12, 12, 12, 12, 12, 12, 12, 11, 12, 12, 8, 3, 12, 12, 10, 6, 12, 6, 2, 12, 2, 12, 12, 12, 11, 12, 12, 10, 3, 12, 12, 12, 12, 9, 12, 12, 12, 12, 9, 12, 12, 12, 12, 12, 12, 12, 12, 12, 12, 12, 5, 12, 12, 12, 12, 12, 12, 12, 12, 12, 12, 12, 12, 2, 12, 12, 12, 12, 12, 10, 12, 6, 12, 12, 12, 12, 12, 12, 6, 12, 12, 12, 12, 12, 12, 12, 12, 12, 12, 2, 12, 11, 12, 12, 12, 7, 12, 12, 12, 12, 12, 12, 9, 12, 5, 12, 11, 12, 12, 8, 12, 12, 12, 12, 12, 12, 12, 12, 12, 12, 12, 12, 12, 12, 6, 12, 12, 12, 12, 12, 8, 12, 12, 10, 12, 12, 12, 12, 12, 12, 12, 11, 12, 6, 9, 12, 12, 12, 12, 12, 4, 12, 12, 12, 12, 12, 12, 12, 12, 12, 12, 8, 12, 12, 12, 12, 9, 12, 12, 12, 12, 12, 12, 12, 12, 12, 12, 12, 12, 12, 12, 12, 12, 12, 12, 9, 12, 12, 12, 12, 12, 12, 12, 12, 12, 12, 12, 12, 12, 12, 7, 12, 12, 12, 12, 12, 9, 12, 12, 12, 12, 12, 12, 12, 12, 12, 12, 11, 12, 12, 12, 7, 12, 12, 12, 12, 12, 5, 12, 12, 12, 12, 12, 12, 12, 5, 12, 12, 12, 12, 12, 6, 12, 12, 11, 6, 12, 4, 12, 12, 12, 12, 10, 12, 12, 12, 12, 12, 12, 3, 12, 12, 12, 12, 12, 12, 12, 12, 12, 12, 12, 12, 12, 12, 12, 12, 12, 12, 12, 12, 12, 12, 12, 12, 3, 9, 12, 12, 3, 12, 12, 12, 12, 12, 12, 7, 2, 2, 2, 2, 2, 2, 2, 2, 2, 2, 12, 12, 2, 2, 2, 2, 12, 2, 12, 2, 2, 12, 2, 12, 12, 2, 2, 2, 12, 12, 2, 2, 2, 2, 12, 2, 2, 2, 2, 12, 12, 2, 2, 2, 12, 2, 2, 2, 2, 2, 2, 12, 2, 2, 2, 12, 2, 12, 2, 2, 2, 12, 12, 2, 2, 2, 12, 2, 2, 2, 2, 2, 12, 2, 12, 12, 2, 12, 12, 2, 12, 2, 2, 2, 12, 2, 2, 12, 12, 2, 12, 2, 12, 2, 2, 2, 2, 2, 12, 2, 2, 12, 12, 2, 2, 2, 12, 12, 12, 2, 2, 2, 2, 2, 2, 2, 2, 12, 2, 2, 2, 2, 2, 2, 2, 2, 2, 2, 2, 2, 12, 12, 2, 2, 12, 2, 2, 2, 2, 12, 12, 2, 2, 2, 12, 2, 12, 2, 2, 12, 12, 2, 12, 2, 2, 12, 2, 2, 2, 2, 12, 12, 2, 2, 2, 12, 12, 12, 2, 2, 2, 2, 12, 2, 2, 2, 2, 12, 2, 2, 2, 12, 2, 12, 12, 2, 2, 12, 2, 2, 2, 12, 2, 2, 2, 2, 2, 12, 2, 2, 2, 2, 12, 12, 2, 2, 12, 2, 2, 2, 12, 2, 12, 12, 2, 2, 12, 12, 12, 12, 12, 12, 12, 12, 12, 12, 12, 12, 12, 12, 12, 12, 12, 12, 12, 12, 12, 12, 12, 12, 2]","[189, 188, 188, 187, 186, 185, 185, 184, 183, 183, 182, 181, 180, 179, 178, 177, 177, 176, 175, 174, 174, 173, 172, 172, 171, 170, 169, 168, 167, 167, 166, 165, 164, 163, 162, 162, 161, 160, 159, 159, 158, 157, 156, 155, 155, 154, 153, 153, 152, 151, 150, 149, 148, 148, 147, 146, 145, 145, 144, 143, 142, 141, 141, 140, 139, 138, 138, 137, 136, 135, 135, 134, 133, 132, 131, 131, 130, 129, 128, 128, 127, 126, 125, 124, 124, 123, 122, 122, 121, 120, 119, 118, 117, 117, 116, 115, 114, 113, 113, 112, 111, 110, 110, 109, 108, 108, 107, 106, 105, 105, 104, 103, 102, 102, 101, 100, 99, 99, 98, 97, 96, 96, 95, 94, 93, 93, 92, 91, 90, 89, 89, 88, 87, 86, 86, 85, 84, 83, 82, 82, 81, 80, 79, 79, 78, 77, 76, 75, 75, 74, 73, 73, 72, 71, 70, 70, 69, 68, 67, 66, 66, 65, 64, 64, 63, 62, 61, 60, 59, 59, 58, 57, 56, 55, 55, 54, 53, 52, 52, 51, 50, 49, 48, 47, 47, 46, 45, 44, 44, 43, 42, 41, 41, 40, 39, 38, 38, 37, 36, 35, 34, 34, 33, 32, 31, 30, 30, 29, 28, 27, 27, 26, 25, 24, 24, 23, 22, 21, 20, 20, 19, 18, 17, 17, 16, 15, 14, 13, 13, 12, 11, 10, 9, 9, 8, 7, 6, 6, 5, 4, 3, 2, 2, 1, 0, 0, 1, 2, 3, 3, 4, 5, 5, 6, 7, 8, 8, 9, 10, 11, 11, 12, 13, 14, 15, 15, 16, 17, 18, 19, 19, 20, 21, 22, 23, 23, 24, 25, 26, 27, 27, 28, 29, 30, 31, 31, 32, 33, 34, 35, 35, 36, 37, 37, 38, 39, 40, 40, 41, 42, 43, 44, 44, 45, 46, 47, 48, 49, 50, 50, 51, 52, 53, 10, 58, 101, 154, 197, 248, 65, 26, 231, 186, 141, 89, 41, 6, 64, 117, 168, 213, 8, 58, 37, 239, 188, 137, 93, 39, 6, 56, 112, 165, 207, 246, 47, 47, 250, 192, 134, 75, 20, 33, 78, 121, 168, 223, 30, 60, 9, 223, 167, 124, 66, 17, 32, 87, 130, 170, 230, 26, 62, 9, 210, 152, 95, 52, 1, 39, 90, 138, 182, 232, 19, 70, 18, 218, 168, 101, 43, 11, 55, 108, 150, 214, 9, 65, 26, 227, 175, 130, 77, 35, 17, 73, 122, 185, 245, 46, 54, 1, 216, 161, 104, 44, 8, 63, 119, 181, 234, 21, 69, 30, 229, 167, 116, 68, 25, 24, 67, 117, 172, 228, 15, 66, 33, 236, 176, 123, 76, 33, 15, 59, 124, 174, 230, 28, 61, 18, 235, 185, 130, 78, 26, 16, 68, 115, 163, 212, 8, 50, 51, 255, 213, 170, 117, 71, 23, 25, 67, 110, 153, 205, 0, 42, 50, 253, 205, 153, 101, 58, 18, 32, 89, 150, 200, 254, 41, 53, 1, 212, 158, 107, 64, 12, 30, 84, 136, 192, 243, 32, 56, 8, 217, 166, 117, 69, 19, 20, 78, 130, 180, 223, 8, 56, 18, 223, 171, 120, 75, 24, 22, 77, 132, 176, 221, 17, 56, 32, 241, 198, 146, 103, 55, 8, 32, 75, 121, 174, 226, 13, 54, 41, 251, 209, 154, 114, 59, 3, 31, 69, 119, 177, 230, 22]"
2025-05-02 13:48:19,"[10, 10, 10, 10, 10, 10, 10, 12, 15, 18, 22, 27, 37, 80, 80, 80, 50, 24, 18, 14, 10, 10, 10, 10, 10, 10, 10, 10, 10, 10, 10, 10, 10, 10, 10, 10, 10, 10, 11, 14, 18, 20, 22, 24, 26, 28, 30, 30, 28, 27, 25, 23, 21, 20, 19, 18, 16, 13, 11, 10, 10, 10, 10, 10, 10, 10, 10, 10, 10, 10, 10, 10, 10, 12, 13, 13, 13, 13, 13, 13, 13, 13, 14, 14, 16, 16, 16, 16, 16, 16, 16, 16, 17, 18, 19, 19, 18, 19, 19, 19, 19, 20, 20, 20, 21, 21, 21, 21, 21, 22, 23, 24, 24, 25, 26, 26, 27, 27, 28, 28, 30, 34, 34, 34, 35, 34, 37, 38, 39, 48, 50, 52, 52, 52, 50, 45, 39, 36, 32, 28, 26, 23, 23, 22, 22, 22, 22, 23, 23, 23, 22, 22, 21, 21, 21, 21, 21, 21, 21, 21, 21, 24, 38, 39, 39, 41, 41, 46, 46, 43, 41, 41, 41, 37, 37, 35, 34, 32, 32, 32, 32, 36, 36, 30, 39, 41, 39, 50, 55, 55, 60, 60, 58, 65, 68, 68, 60, 60, 65, 60, 58, 60, 58, 60, 56, 48, 46, 46, 47, 47, 46, 47, 46, 46, 46, 46, 46, 46, 46, 25, 24, 24, 24, 23, 20, 16, 11, 10, 10, 10, 10, 10, 65, 72, 80, 80, 72, 65, 76, 80, 80, 80, 76, 65, 65, 46, 16, 13, 10, 10, 10, 10, 12, 11, 11, 11, 11, 11, 11, 11, 11, 11, 11, 11, 11, 11, 11, 11, 11, 11, 11, 11, 11, 11, 11, 11, 11, 11, 11, 11, 11, 11, 11, 11, 11, 11, 11, 11, 11, 11, 11, 11, 11, 11, 11, 11, 11, 11, 11, 11, 11, 11, 11, 11, 11, 11, 11, 11, 11, 11, 11, 11, 11, 11, 11, 11, 11, 10, 11, 11, 11, 11, 11, 11, 11, 11, 11, 11, 11, 11, 11, 11, 11, 11, 11, 11, 11, 11, 11, 11, 10, 11, 11, 10, 11, 11, 10, 11, 11, 11, 11, 11, 10, 10, 11, 11, 11, 11, 11, 11, 11, 11, 11, 11, 11, 11, 11, 11, 11, 11, 11, 11, 11, 11, 11, 11, 11, 11, 11, 11, 11, 10, 11, 11, 11, 11, 11, 10, 11, 11, 11, 11, 11, 11, 11, 11, 11, 11, 11, 11, 11, 11, 11, 11, 11, 11, 11, 11, 11, 11, 11, 11, 11, 10, 11, 11, 11, 11, 11, 11, 11, 11, 11, 11, 11, 11, 10, 11, 11, 11, 11, 11, 11, 11, 11, 11, 11, 11, 11, 11, 11, 11, 11, 11, 10, 11, 11, 11, 11, 11, 11, 10, 11, 11, 11, 11, 11, 11, 11, 11, 11, 11, 11, 11, 11, 11, 11, 11, 11, 11, 11, 11, 11, 10, 11, 10, 11, 11, 10, 11, 11, 11, 10, 11, 11, 11, 11, 10, 11, 11, 11, 11, 11, 10, 11, 11, 11, 11, 11, 10, 11, 11, 11, 11, 11, 11, 11, 11, 11, 10, 11, 11, 11, 11, 11, 11, 11, 10, 11, 10, 11, 11, 11, 11, 11, 11, 11, 10, 11, 11, 11, 10, 11, 11, 11, 11, 11, 11, 11, 11, 11, 11, 11, 11, 11, 10, 11, 11, 11, 11, 11, 11, 11, 10, 11, 11, 11, 239, 11, 11, 237, 11, 11, 234, 11, 11, 232, 11, 11, 230, 11, 11, 228, 11, 11, 226, 11, 11, 223, 11, 11, 221, 11, 11, 218, 11, 11, 216, 11, 11, 214, 11, 11, 211, 11, 11, 209, 11, 11, 207, 11, 11, 204, 11, 11, 202, 11, 11, 200, 11, 11, 197, 11, 11, 195, 11, 11, 193, 11, 11, 191, 11, 11, 188, 11, 11, 186, 11, 11, 184, 11, 11, 181, 11, 11, 179, 11, 11, 176, 11, 11, 174, 11, 11, 172, 11, 11, 170, 11, 11, 167, 11, 11, 165, 11, 11, 163, 11, 11, 161, 11, 11, 158, 11, 11, 156, 11, 11, 154, 11, 11, 151, 11, 11, 149, 11, 11, 146, 11, 11, 144, 11, 11, 142, 11, 11, 140, 11, 11, 137, 11, 11, 135, 11, 11, 132, 11, 11, 130, 11, 11, 128, 11, 11, 125, 11, 11, 123, 11, 11, 121, 11, 11, 119, 11, 11, 116, 11, 10, 114, 10, 10, 112, 10, 10, 109, 10, 10, 107, 10, 10, 105, 10, 10, 102, 10, 10, 100, 10, 10, 98, 10, 10, 95, 10, 10, 93, 10, 10, 91, 10, 10, 89, 10, 10, 86, 10, 10, 84, 10, 10, 82, 10, 10, 80, 10, 10, 77, 10, 10, 75, 10, 10, 73]","[12, 2, 12, 12, 12, 12, 12, 12, 12, 12, 12, 12, 2, 12, 12, 4, 12, 12, 12, 12, 12, 12, 12, 12, 12, 11, 12, 12, 8, 3, 12, 12, 10, 6, 12, 6, 2, 12, 2, 12, 12, 12, 11, 12, 12, 10, 3, 12, 12, 12, 12, 9, 12, 12, 12, 12, 9, 12, 12, 12, 12, 12, 12, 12, 12, 12, 12, 12, 5, 12, 12, 12, 12, 12, 12, 12, 12, 12, 12, 12, 12, 2, 12, 12, 12, 12, 12, 10, 12, 6, 12, 12, 12, 12, 12, 12, 6, 12, 12, 12, 12, 12, 12, 12, 12, 12, 12, 2, 12, 11, 12, 12, 12, 7, 12, 12, 12, 12, 12, 12, 9, 12, 5, 12, 11, 12, 12, 8, 12, 12, 12, 12, 12, 12, 12, 12, 12, 12, 12, 12, 12, 12, 6, 12, 12, 12, 12, 12, 8, 12, 12, 10, 12, 12, 12, 12, 12, 12, 12, 11, 12, 6, 9, 12, 12, 12, 12, 12, 4, 12, 12, 12, 12, 12, 12, 12, 12, 12, 12, 8, 12, 12, 12, 12, 9, 12, 12, 12, 12, 12, 12, 12, 12, 12, 12, 12, 12, 12, 12, 12, 12, 12, 12, 9, 12, 12, 12, 12, 12, 12, 12, 12, 12, 12, 12, 12, 12, 12, 7, 12, 12, 12, 12, 12, 9, 12, 12, 12, 12, 12, 12, 12, 12, 12, 12, 11, 12, 12, 12, 7, 12, 12, 12, 12, 12, 5, 12, 12, 12, 12, 12, 12, 12, 5, 12, 12, 12, 12, 12, 6, 12, 12, 11, 6, 12, 4, 12, 12, 12, 12, 10, 12, 12, 12, 12, 12, 12, 3, 12, 12, 12, 12, 12, 12, 12, 12, 12, 12, 12, 12, 12, 12, 12, 12, 12, 12, 12, 12, 12, 12, 12, 12, 3, 9, 12, 12, 3, 12, 12, 12, 12, 12, 12, 7, 2, 2, 2, 2, 2, 2, 2, 2, 2, 2, 12, 12, 2, 2, 2, 2, 12, 2, 12, 2, 2, 12, 2, 12, 12, 2, 2, 2, 12, 12, 2, 2, 2, 2, 12, 2, 2, 2, 2, 12, 12, 2, 2, 2, 12, 2, 2, 2, 2, 2, 2, 12, 2, 2, 2, 12, 2, 12, 2, 2, 2, 12, 12, 2, 2, 2, 12, 2, 2, 2, 2, 2, 12, 2, 12, 12, 2, 12, 12, 2, 12, 2, 2, 2, 12, 2, 2, 12, 12, 2, 12, 2, 12, 2, 2, 2, 2, 2, 12, 2, 2, 12, 12, 2, 2, 2, 12, 12, 12, 2, 2, 2, 2, 2, 2, 2, 2, 12, 2, 2, 2, 2, 2, 2, 2, 2, 2, 2, 2, 2, 12, 12, 2, 2, 12, 2, 2, 2, 2, 12, 12, 2, 2, 2, 12, 2, 12, 2, 2, 12, 12, 2, 12, 2, 2, 12, 2, 2, 2, 2, 12, 12, 2, 2, 2, 12, 12, 12, 2, 2, 2, 2, 12, 2, 2, 2, 2, 12, 2, 2, 2, 12, 2, 12, 12, 2, 2, 12, 2, 2, 2, 12, 2, 2, 2, 2, 2, 12, 2, 2, 2, 2, 12, 12, 2, 2, 12, 2, 2, 2, 12, 2, 12, 12, 2, 2, 12, 12, 12, 12, 12, 12, 12, 12, 12, 12, 12, 12, 12, 12, 12, 12, 12, 12, 12, 12, 12, 12, 12, 12, 2, 12, 12, 11, 12, 12, 11, 12, 12, 11, 12, 12, 11, 12, 12, 11, 12, 9, 11, 12, 12, 11, 11, 12, 11, 5, 12, 11, 12, 12, 11, 4, 12, 11, 12, 12, 11, 12, 12, 11, 8, 12, 11, 12, 12, 11, 12, 12, 11, 12, 12, 11, 12, 12, 11, 12, 12, 11, 12, 12, 11, 12, 12, 11, 12, 12, 11, 12, 12, 11, 12, 12, 10, 6, 12, 11, 12, 13, 11, 12, 15, 11, 12, 12, 11, 12, 12, 11, 12, 7, 11, 12, 12, 11, 12, 10, 11, 12, 12, 11, 12, 12, 11, 12, 12, 11, 12, 11, 11, 10, 12, 11, 12, 12, 11, 12, 12, 11, 12, 12, 11, 4, 2, 11, 11, 12, 11, 4, 12, 11, 12, 12, 11, 12, 12, 11, 12, 12, 11, 12, 11, 11, 12, 12, 11, 12, 12, 11, 12, 12, 11, 3, 12, 11, 12, 12, 11, 12, 12, 11, 12, 12, 11, 12, 12, 10, 12, 12, 10, 12, 12, 10, 12, 12, 10, 12, 12, 10, 12, 12, 10, 7, 12, 10, 10, 8, 10, 12, 12, 10, 12, 12, 10, 12, 12, 10, 12, 12, 10, 12, 12, 10, 6, 3, 10, 12, 12, 10, 12, 12, 10, 10, 8, 10, 12, 12, 10, 12, 6, 10]","[189, 188, 188, 187, 186, 185, 185, 184, 183, 183, 182, 181, 180, 179, 178, 177, 177, 176, 175, 174, 174, 173, 172, 172, 171, 170, 169, 168, 167, 167, 166, 165, 164, 163, 162, 162, 161, 160, 159, 159, 158, 157, 156, 155, 155, 154, 153, 153, 152, 151, 150, 149, 148, 148, 147, 146, 145, 145, 144, 143, 142, 141, 141, 140, 139, 138, 138, 137, 136, 135, 135, 134, 133, 132, 131, 131, 130, 129, 128, 128, 127, 126, 125, 124, 124, 123, 122, 122, 121, 120, 119, 118, 117, 117, 116, 115, 114, 113, 113, 112, 111, 110, 110, 109, 108, 108, 107, 106, 105, 105, 104, 103, 102, 102, 101, 100, 99, 99, 98, 97, 96, 96, 95, 94, 93, 93, 92, 91, 90, 89, 89, 88, 87, 86, 86, 85, 84, 83, 82, 82, 81, 80, 79, 79, 78, 77, 76, 75, 75, 74, 73, 73, 72, 71, 70, 70, 69, 68, 67, 66, 66, 65, 64, 64, 63, 62, 61, 60, 59, 59, 58, 57, 56, 55, 55, 54, 53, 52, 52, 51, 50, 49, 48, 47, 47, 46, 45, 44, 44, 43, 42, 41, 41, 40, 39, 38, 38, 37, 36, 35, 34, 34, 33, 32, 31, 30, 30, 29, 28, 27, 27, 26, 25, 24, 24, 23, 22, 21, 20, 20, 19, 18, 17, 17, 16, 15, 14, 13, 13, 12, 11, 10, 9, 9, 8, 7, 6, 6, 5, 4, 3, 2, 2, 1, 0, 0, 1, 2, 3, 3, 4, 5, 5, 6, 7, 8, 8, 9, 10, 11, 11, 12, 13, 14, 15, 15, 16, 17, 18, 19, 19, 20, 21, 22, 23, 23, 24, 25, 26, 27, 27, 28, 29, 30, 31, 31, 32, 33, 34, 35, 35, 36, 37, 37, 38, 39, 40, 40, 41, 42, 43, 44, 44, 45, 46, 47, 48, 49, 50, 50, 51, 52, 53, 10, 58, 101, 154, 197, 248, 65, 26, 231, 186, 141, 89, 41, 6, 64, 117, 168, 213, 8, 58, 37, 239, 188, 137, 93, 39, 6, 56, 112, 165, 207, 246, 47, 47, 250, 192, 134, 75, 20, 33, 78, 121, 168, 223, 30, 60, 9, 223, 167, 124, 66, 17, 32, 87, 130, 170, 230, 26, 62, 9, 210, 152, 95, 52, 1, 39, 90, 138, 182, 232, 19, 70, 18, 218, 168, 101, 43, 11, 55, 108, 150, 214, 9, 65, 26, 227, 175, 130, 77, 35, 17, 73, 122, 185, 245, 46, 54, 1, 216, 161, 104, 44, 8, 63, 119, 181, 234, 21, 69, 30, 229, 167, 116, 68, 25, 24, 67, 117, 172, 228, 15, 66, 33, 236, 176, 123, 76, 33, 15, 59, 124, 174, 230, 28, 61, 18, 235, 185, 130, 78, 26, 16, 68, 115, 163, 212, 8, 50, 51, 255, 213, 170, 117, 71, 23, 25, 67, 110, 153, 205, 0, 42, 50, 253, 205, 153, 101, 58, 18, 32, 89, 150, 200, 254, 41, 53, 1, 212, 158, 107, 64, 12, 30, 84, 136, 192, 243, 32, 56, 8, 217, 166, 117, 69, 19, 20, 78, 130, 180, 223, 8, 56, 18, 223, 171, 120, 75, 24, 22, 77, 132, 176, 221, 17, 56, 32, 241, 198, 146, 103, 55, 8, 32, 75, 121, 174, 226, 13, 54, 41, 251, 209, 154, 114, 59, 3, 31, 69, 119, 177, 230, 22, 238, 238, 12, 236, 236, 12, 234, 233, 12, 231, 231, 12, 230, 229, 12, 227, 227, 12, 225, 225, 5, 223, 222, 12, 220, 220, 12, 218, 217, 12, 216, 215, 12, 213, 213, 6, 211, 210, 12, 209, 208, 12, 206, 206, 12, 204, 203, 12, 202, 201, 11, 200, 199, 6, 197, 196, 12, 195, 194, 8, 192, 192, 12, 190, 190, 12, 188, 187, 12, 186, 185, 12, 183, 182, 3, 181, 180, 10, 178, 177, 13, 176, 175, 12, 174, 173, 12, 171, 171, 12, 169, 169, 12, 167, 166, 12, 165, 164, 8, 162, 162, 12, 160, 159, 12, 158, 157, 12, 156, 155, 12, 153, 152, 12, 151, 150, 12, 148, 148, 9, 146, 145, 12, 144, 143, 12, 141, 141, 12, 139, 139, 9, 137, 136, 12, 135, 134, 12, 132, 132, 12, 130, 129, 12, 127, 127, 12, 125, 124, 12, 123, 122, 12, 120, 120, 12, 118, 118, 12, 116, 116, 12, 114, 113, 12, 111, 111, 12, 109, 108, 12, 107, 106, 12, 105, 104, 12, 102, 101, 12, 100, 99, 12, 97, 97, 12, 95, 95, 12, 93, 92, 12, 90, 90, 12, 88, 88, 5, 86, 85, 12, 84, 83, 12, 81, 81, 12, 79, 79, 12, 77, 76, 12, 75, 74, 12, 72, 72]"
2025-05-02 13:59:08,"[11, 11, 11, 11, 11, 12, 11, 11]","[12, 8, 12, 12, 12, 12, 12]","[237, 235, 232, 230, 227, 225, 222]"
2025-05-02 13:59:08,"[11, 11, 11, 11, 11, 12, 11, 11]","[12, 8, 12, 12, 12, 12, 12, 12]","[237, 235, 232, 230, 227, 225, 222, 10]"
2025-05-02 13:59:19,"[11, 11, 11, 11, 11, 12, 11, 11, 11, 11, 11, 11, 12]","[12, 8, 12, 12, 12, 12, 12, 12, 12, 12, 2, 12, 2]","[237, 235, 232, 230, 227, 225, 222, 10, 251, 249, 246, 244]"
2025-05-02 13:59:20,"[11, 11, 11, 11, 11, 12, 11, 11, 11, 11, 11, 11, 12]","[12, 8, 12, 12, 12, 12, 12, 12, 12, 12, 2, 12, 2]","[237, 235, 232, 230, 227, 225, 222, 10, 251, 249, 246, 244, 241]"
2025-05-02 14:07:44,"[11, 11, 11, 11, 11, 11, 11]","[12, 12, 12, 12, 12, 12, 12]","[195, 197, 200, 202, 205, 207, 210]"
2025-05-02 14:07:44,"[11, 11, 11, 11, 11, 11, 11, 11]","[12, 12, 12, 12, 12, 12, 12, 6]","[195, 197, 200, 202, 205, 207, 210, 36]"
